-- phpMyAdmin SQL Dump
-- version 3.5.8.2
-- http://www.phpmyadmin.net
--
-- Host: localhost
-- Generation Time: Sep 22, 2014 at 02:04 PM
-- Server version: 5.5.35
-- PHP Version: 5.4.23

SET SQL_MODE="NO_AUTO_VALUE_ON_ZERO";
SET time_zone = "+00:00";


/*!40101 SET @OLD_CHARACTER_SET_CLIENT=@@CHARACTER_SET_CLIENT */;
/*!40101 SET @OLD_CHARACTER_SET_RESULTS=@@CHARACTER_SET_RESULTS */;
/*!40101 SET @OLD_COLLATION_CONNECTION=@@COLLATION_CONNECTION */;
/*!40101 SET NAMES utf8 */;

--
-- Database: `cheersu`
--

-- --------------------------------------------------------

--
-- Table structure for table `cheersu_activity`
--

CREATE TABLE IF NOT EXISTS `cheersu_activity` (
  `activity_id` bigint(100) NOT NULL AUTO_INCREMENT,
  `activity_user_id` bigint(60) NOT NULL,
  `activity_type` varchar(100) NOT NULL,
  `activity_venue_id` bigint(60) NOT NULL,
  `activity_timestamp` timestamp NOT NULL DEFAULT CURRENT_TIMESTAMP,
  `activity_comment` varchar(600) NOT NULL DEFAULT '',
  `activity_last_action` varchar(25) NOT NULL,
  PRIMARY KEY (`activity_id`)
) ENGINE=InnoDB  DEFAULT CHARSET=latin1 AUTO_INCREMENT=286 ;

--
-- Dumping data for table `cheersu_activity`
--

INSERT INTO `cheersu_activity` (`activity_id`, `activity_user_id`, `activity_type`, `activity_venue_id`, `activity_timestamp`, `activity_comment`, `activity_last_action`) VALUES
(1, 1, 'checkin', 1, '2013-01-10 17:41:06', '', '2013-01-10 23:11:06'),
(2, 1, 'reserve', 1, '2013-01-10 17:41:09', '', '2013-01-10 23:11:09'),
(3, 1, 'checkin', 2, '2013-01-10 17:41:16', '', '2013-01-10 23:11:16'),
(4, 1, 'checkin', 3, '2013-01-10 17:41:18', '', '2013-01-10 23:11:18'),
(5, 1, 'checkin', 4, '2013-01-10 17:41:20', '', '2013-01-10 23:11:20'),
(6, 1, 'checkin', 9, '2013-01-10 17:41:23', '', '2013-01-10 23:11:23'),
(7, 1, 'reserve', 9, '2013-01-10 17:41:26', '', '2013-01-10 23:11:26'),
(8, 1, 'checkin', 7, '2013-01-10 17:47:50', '', '2013-01-10 23:17:50'),
(9, 1, 'reserve', 7, '2013-01-10 17:49:30', '', '2013-01-10 23:19:30'),
(10, 1, 'reserve', 2, '2013-01-10 17:49:49', '', '2013-01-10 23:19:49'),
(11, 1, 'checkin', 12, '2013-01-10 17:49:57', '', '2013-01-10 23:19:57'),
(12, 1, 'reserve', 12, '2013-01-10 17:50:11', '', '2013-01-10 23:20:11'),
(13, 2, 'checkin', 1, '2013-01-10 18:13:44', '', '2013-01-10 23:43:44'),
(14, 2, 'reserve', 1, '2013-01-10 18:13:47', '', '2013-01-10 23:43:47'),
(15, 2, 'comment', 1, '2013-01-10 18:13:52', 'Gandu re', '2013-01-10 23:43:52'),
(16, 2, 'comment', 2, '2013-01-10 18:14:03', 'Kutta r bacha', '2013-01-10 23:44:03'),
(17, 2, 'comment', 3, '2013-01-10 18:14:11', 'Gandu', '2013-01-10 23:44:11'),
(18, 2, 'checkin', 3, '2013-01-10 18:14:16', '', '2013-01-10 23:44:16'),
(19, 2, 'reserve', 3, '2013-01-10 18:14:22', '', '2013-01-10 23:44:22'),
(20, 2, 'comment', 1, '2013-01-10 20:41:58', 'Kutta', '2013-01-11 02:11:58'),
(21, 2, 'checkin', 4, '2013-01-10 20:42:12', '', '2013-01-11 02:12:12'),
(22, 2, 'reserve', 4, '2013-01-10 20:42:14', '', '2013-01-11 02:12:14'),
(23, 1, 'comment', 3, '2013-01-11 00:32:20', 'Kutta r bacha', '2013-01-11 06:02:20'),
(24, 2, 'comment', 3, '2013-01-11 00:33:39', 'haramjada', '2013-01-11 06:03:39'),
(25, 1, 'comment', 3, '2013-01-11 06:29:04', 'gandu re', '2013-01-11 11:59:04'),
(26, 1, 'comment', 2, '2013-01-11 06:29:21', 'harami', '2013-01-11 11:59:21'),
(27, 1, 'comment', 2, '2013-01-14 22:38:34', 'balbichi', '2013-01-15 04:08:34'),
(28, 3, 'checkin', 1, '2013-01-15 21:59:38', '', '2013-01-16 03:29:38'),
(29, 3, 'comment', 1, '2013-01-15 21:59:44', 'hello', '2013-01-16 03:29:44'),
(30, 3, 'checkin', 45, '2013-01-15 22:04:04', '', '2013-01-16 03:34:04'),
(31, 4, 'checkin', 1, '2013-01-15 22:51:57', '', '2013-01-16 04:21:57'),
(32, 4, 'checkin', 2, '2013-01-15 22:52:00', '', '2013-01-16 04:22:00'),
(33, 4, 'checkin', 3, '2013-01-15 22:52:01', '', '2013-01-16 04:22:01'),
(34, 4, 'checkin', 4, '2013-01-15 22:52:03', '', '2013-01-16 04:22:03'),
(35, 4, 'checkin', 62, '2013-01-15 22:52:06', '', '2013-01-16 04:22:06'),
(36, 4, 'comment', 1, '2013-01-16 18:50:25', 'Kukur', '2013-01-17 00:20:25'),
(37, 3, 'checkin', 8, '2013-01-16 18:59:45', '', '2013-01-17 00:29:45'),
(38, 3, 'comment', 2, '2013-01-16 19:13:45', 'Kukur', '2013-01-17 00:43:45'),
(39, 3, 'reserve', 1, '2013-01-16 19:16:04', '', '2013-01-17 00:46:04'),
(40, 1, 'reserve', 11, '2013-01-16 23:06:19', '', '2013-01-17 04:36:19'),
(41, 1, 'comment', 11, '2013-01-16 23:06:31', 'harami', '2013-01-17 04:36:31'),
(42, 1, 'comment', 4, '2013-01-16 23:30:55', 'Kukur', '2013-01-17 05:00:55'),
(43, 3, 'comment', 3, '2013-01-17 07:07:27', 'abc', '2013-01-17 12:37:27'),
(44, 3, 'comment', 3, '2013-01-17 08:43:52', 'gef', '2013-01-17 14:13:52'),
(45, 1, 'reserve', 3, '2013-01-17 12:16:33', '', '2013-01-17 17:46:33'),
(46, 1, 'comment', 3, '2013-01-17 12:16:45', 'kukur', '2013-01-17 17:46:45'),
(47, 1, 'comment', 4, '2013-01-17 12:17:09', 'ok;lk;l', '2013-01-17 17:47:09'),
(48, 1, 'reserve', 4, '2013-01-18 20:39:29', '', '2013-01-19 02:09:29'),
(49, 1, 'checkin', 6, '2013-01-18 20:39:51', '', '2013-01-19 02:09:51'),
(50, 1, 'reserve', 6, '2013-01-18 20:39:54', '', '2013-01-19 02:09:54'),
(51, 1, 'checkin', 11, '2013-01-18 20:40:58', '', '2013-01-19 02:10:58'),
(52, 1, 'checkin', 10, '2013-01-19 00:17:45', '', '2013-01-19 05:47:45'),
(53, 1, 'reserve', 62, '2013-01-19 00:18:09', '', '2013-01-19 05:48:09'),
(54, 1, 'checkin', 63, '2013-01-19 00:19:58', '', '2013-01-19 05:49:58'),
(55, 1, 'checkin', 62, '2013-01-19 00:21:00', '', '2013-01-19 05:51:00'),
(56, 1, 'checkin', 46, '2013-01-19 00:22:09', '', '2013-01-19 05:52:09'),
(57, 1, 'checkin', 45, '2013-01-19 00:22:21', '', '2013-01-19 05:52:21'),
(58, 1, 'checkin', 101, '2013-01-19 00:22:30', '', '2013-01-19 05:52:30'),
(59, 1, 'checkin', 19, '2013-01-19 00:25:52', '', '2013-01-19 05:55:52'),
(60, 1, 'checkin', 20, '2013-01-19 00:25:58', '', '2013-01-19 05:55:58'),
(61, 1, 'checkin', 18, '2013-01-19 00:26:02', '', '2013-01-19 05:56:02'),
(62, 1, 'reserve', 10, '2013-01-19 01:02:30', '', '2013-01-19 06:32:30'),
(63, 1, 'reserve', 63, '2013-01-19 01:03:15', '', '2013-01-19 06:33:15'),
(64, 1, 'reserve', 8, '2013-01-19 01:04:06', '', '2013-01-19 06:34:06'),
(65, 1, 'checkin', 8, '2013-01-19 08:16:37', '', '2013-01-19 13:46:37'),
(66, 1, 'comment', 1, '2013-01-19 09:19:26', 'Kukur', '2013-01-19 14:49:26'),
(67, 1, 'comment', 2, '2013-01-19 09:21:04', 'hello', '2013-01-19 14:51:04'),
(68, 1, 'comment', 3, '2013-01-19 10:19:57', 'huliye', '2013-01-19 15:49:57'),
(69, 1, 'comment', 4, '2013-01-19 10:21:53', 'hello hurricane', '2013-01-19 15:51:53'),
(70, 1, 'comment', 2, '2013-01-19 12:04:51', 'bokchod', '2013-01-19 17:34:51'),
(71, 1, 'comment', 2, '2013-01-19 12:05:32', 'first', '2013-01-19 17:35:32'),
(72, 1, 'comment', 2, '2013-01-19 12:05:48', 'first', '2013-01-19 17:35:48'),
(73, 1, 'comment', 9, '2013-01-19 12:06:19', 'first', '2013-01-19 17:36:19'),
(74, 1, 'comment', 9, '2013-01-19 12:06:44', 'second', '2013-01-19 17:36:44'),
(75, 1, 'comment', 9, '2013-01-19 12:07:02', 'first', '2013-01-19 17:37:02'),
(76, 1, 'comment', 6, '2013-01-19 12:07:20', 'first', '2013-01-19 17:37:20'),
(77, 1, 'comment', 6, '2013-01-19 12:07:36', 'second', '2013-01-19 17:37:36'),
(78, 1, 'comment', 63, '2013-01-19 12:09:33', 'first', '2013-01-19 17:39:33'),
(79, 1, 'comment', 8, '2013-01-19 12:10:45', 'first comment here', '2013-01-19 17:40:45'),
(80, 1, 'comment', 8, '2013-01-20 21:26:06', 'sdlfsdf', '2013-01-21 02:56:06'),
(81, 1, 'comment', 7, '2013-01-20 22:11:15', 'kukur', '2013-01-21 03:41:15'),
(82, 1, 'comment', 10, '2013-01-20 22:12:05', 'hello', '2013-01-21 03:42:05'),
(83, 1, 'comment', 3, '2013-01-21 00:49:48', 'hello', '2013-01-21 06:19:48'),
(84, 1, 'comment', 6, '2013-01-21 00:50:06', 'kukur', '2013-01-21 06:20:06'),
(85, 1, 'status', 0, '2013-01-21 01:10:20', 'I am very happy', '2013-01-21 06:40:20'),
(86, 1, 'checkin', 1, '2013-01-21 17:49:45', '', '2013-01-21 23:19:45'),
(87, 1, 'reserve', 1, '2013-01-21 17:49:59', '', '2013-01-21 23:19:59'),
(88, 1, 'reserve', 2, '2013-01-21 17:51:02', '', '2013-01-21 23:21:02'),
(89, 1, 'checkin', 2, '2013-01-21 17:51:08', '', '2013-01-21 23:21:08'),
(90, 1, 'checkin', 1, '2013-01-21 17:51:17', '', '2013-01-21 23:21:17'),
(91, 1, 'checkin', 1, '2013-01-21 21:21:40', '', '2013-01-22 02:51:40'),
(92, 1, 'checkin', 1, '2013-01-21 21:23:45', '', '2013-01-22 02:53:45'),
(93, 1, 'checkin', 1, '2013-01-21 21:24:41', '', '2013-01-22 02:54:41'),
(94, 1, 'checkin', 1, '2013-01-21 21:25:50', '', '2013-01-22 02:55:50'),
(95, 1, 'checkin', 1, '2013-01-21 21:26:33', '', '2013-01-22 02:56:33'),
(96, 1, 'checkin', 1, '2013-01-21 21:32:16', '', '2013-01-22 03:02:16'),
(97, 1, 'checkin', 1, '2013-01-21 21:33:06', '', '2013-01-22 03:03:06'),
(98, 1, 'checkin', 2, '2013-01-21 21:33:19', '', '2013-01-22 03:03:19'),
(99, 1, 'checkin', 1, '2013-01-21 21:33:21', '', '2013-01-22 03:03:21'),
(100, 1, 'checkin', 3, '2013-01-21 21:33:35', '', '2013-01-22 03:03:35'),
(101, 1, 'checkin', 2, '2013-01-21 21:36:35', '', '2013-01-22 03:06:35'),
(102, 1, 'reserve', 3, '2013-01-21 21:37:39', '', '2013-01-22 03:07:39'),
(103, 1, 'checkin', 1, '2013-01-21 21:38:26', '', '2013-01-22 03:08:26'),
(104, 1, 'reserve', 2, '2013-01-21 21:38:31', '', '2013-01-22 03:08:31'),
(105, 1, 'checkin', 11, '2013-01-21 21:39:30', '', '2013-01-22 03:09:30'),
(106, 1, 'checkin', 10, '2013-01-21 21:39:34', '', '2013-01-22 03:09:34'),
(107, 1, 'reserve', 1, '2013-01-21 21:39:47', '', '2013-01-22 03:09:47'),
(108, 1, 'reserve', 2, '2013-01-21 21:39:52', '', '2013-01-22 03:09:52'),
(109, 1, 'reserve', 3, '2013-01-21 21:39:56', '', '2013-01-22 03:09:56'),
(110, 1, 'reserve', 2, '2013-01-21 21:39:59', '', '2013-01-22 03:09:59'),
(111, 1, 'checkin', 2, '2013-01-21 21:48:44', '', '2013-01-22 03:18:44'),
(112, 1, 'checkin', 1, '2013-01-21 21:59:45', '', '2013-01-22 03:29:45'),
(113, 1, 'checkin', 2, '2013-01-21 22:00:45', '', '2013-01-22 03:30:45'),
(114, 1, 'reserve', 1, '2013-01-21 22:00:55', '', '2013-01-22 03:30:55'),
(115, 1, 'reserve', 2, '2013-01-21 22:00:59', '', '2013-01-22 03:30:59'),
(116, 1, 'checkin|external', 0, '2013-01-22 03:47:10', 'Random|Villanova University', '2013-01-22 09:17:10'),
(117, 1, 'reserve|external', 0, '2013-01-22 04:23:35', 'RandomLocation|Virginia Tech University', '2013-01-22 09:53:35'),
(118, 1, 'reserve|external', 0, '2013-01-22 05:25:35', 'Nowhere|Virginia Tech University', '2013-01-22 10:55:35'),
(119, 1, 'reserve|external', 0, '2013-01-22 05:28:29', 'Randomnowhere|University of South Carolina', '2013-01-22 10:58:29'),
(120, 1, 'checkin|external', 0, '2013-01-22 05:28:48', 'ABC|Virginia State University', '2013-01-22 10:58:48'),
(121, 1, 'checkin|external', 0, '2013-01-22 05:29:02', 'ran|Villanova University', '2013-01-22 10:59:02'),
(122, 1, 'checkin|external', 0, '2013-01-22 05:29:38', 'sdfdsfsd|Villanova University', '2013-01-22 10:59:38'),
(125, 1, 'checkin|external', 0, '2013-01-22 05:33:06', 'ABc|Villanova University', '2013-01-22 11:03:06'),
(126, 4, 'checkin|external', 0, '2013-01-22 06:15:40', 'Villanova Cafe|Villanova University', '2013-01-22 11:45:40'),
(127, 1, 'reserve|external', 0, '2013-01-22 07:30:00', 'Custom|University of Rhode Island', '2013-01-22 13:00:00'),
(128, 1, 'checkin|external', 0, '2013-01-22 07:38:17', 'Big Random Name to check for positioning|University of Maryl', '2013-01-22 13:08:17'),
(129, 1, 'status', 0, '2013-01-22 18:28:36', 'I am here', '2013-01-22 23:58:36'),
(130, 1, 'status', 0, '2013-01-22 18:28:58', 'I am here again', '2013-01-22 23:58:58'),
(131, 1, 'reserve|external', 0, '2013-01-23 02:32:46', 'bokchod jaiga|Villanova University', '2013-01-23 08:02:46'),
(132, 1, 'checkin|external', 0, '2013-01-23 02:32:53', 'kutta jaiga|Villanova University', '2013-01-23 08:02:53'),
(133, 1, 'checkin', 51, '2013-01-27 06:35:34', '', '2013-01-27 12:05:34'),
(134, 1, 'reserve', 51, '2013-01-27 06:35:38', '', '2013-01-27 12:05:38'),
(135, 1, 'checkin', 52, '2013-01-27 06:35:45', '', '2013-01-27 12:05:45'),
(136, 1, 'checkin', 51, '2013-01-27 06:35:53', '', '2013-01-27 12:05:53'),
(137, 1, 'reserve', 68, '2013-01-27 23:25:53', '', '2013-01-28 04:55:53'),
(138, 1, 'reserve', 61, '2013-01-30 08:44:59', '', '2013-01-30 14:14:59'),
(139, 1, 'checkin', 61, '2013-01-30 08:49:56', '', '2013-01-30 14:19:56'),
(140, 1, 'checkin', 3, '2013-01-30 08:59:30', '', '2013-01-30 14:29:30'),
(142, 1, 'photo-activity', 0, '2013-03-21 09:08:34', '', '2013-03-21 14:38:34'),
(143, 1, 'photo-activity', 0, '2013-03-21 09:11:59', '', '2013-03-21 14:41:59'),
(144, 3, 'photo-activity', 0, '2013-03-21 09:21:17', '', '2013-03-21 14:51:17'),
(145, 3, 'photo-activity', 0, '2013-03-21 09:40:33', '', '2013-03-21 15:10:33'),
(146, 1, 'photo-activity', 0, '2013-03-21 09:53:32', '', '2013-03-21 15:23:32'),
(147, 3, 'photo-activity', 0, '2013-03-21 12:53:08', '', '2013-03-21 18:23:08'),
(148, 1, 'checkin', 51, '2013-03-22 12:55:12', '', '2013-03-22 18:25:12'),
(149, 1, 'checkin', 52, '2013-03-22 12:55:26', '', '2013-03-22 18:25:26'),
(150, 1, 'reserve', 52, '2013-03-22 12:55:29', '', '2013-03-22 18:25:29'),
(151, 1, 'reserve', 51, '2013-03-22 12:55:33', '', '2013-03-22 18:25:33'),
(152, 1, 'reserve', 53, '2013-03-22 12:55:36', '', '2013-03-22 18:25:36'),
(153, 1, 'reserve', 54, '2013-03-22 12:55:42', '', '2013-03-22 18:25:42'),
(154, 1, 'checkin', 54, '2013-03-22 12:55:44', '', '2013-03-22 18:25:44'),
(155, 1, 'reserve', 55, '2013-03-22 12:55:50', '', '2013-03-22 18:25:50'),
(156, 3, 'checkin', 51, '2013-03-23 04:35:53', '', '2013-03-23 10:05:53'),
(157, 3, 'photo-activity', 0, '2013-03-23 04:49:04', '', '2013-03-23 10:19:04'),
(158, 1, 'photo-activity', 0, '2013-03-23 09:46:32', '', '2013-03-23 15:16:32'),
(159, 3, 'photo-activity', 0, '2013-03-26 13:56:05', '', ''),
(160, 1, 'status', 0, '2013-03-26 20:31:35', 'Adding New Features', ''),
(161, 1, 'comment', 51, '2013-03-26 20:52:29', 'checking', ''),
(162, 1, 'checkin', 51, '2013-03-28 07:24:50', '', ''),
(163, 1, 'checkin', 52, '2013-03-28 07:24:56', '', ''),
(164, 1, 'checkin', 53, '2013-03-28 07:25:00', '', ''),
(165, 1, 'checkin', 54, '2013-03-28 07:25:03', '', ''),
(166, 1, 'checkin', 60, '2013-03-28 07:25:07', '', ''),
(167, 1, 'reserve', 52, '2013-03-28 07:25:12', '', ''),
(168, 1, 'reserve', 51, '2013-03-28 07:25:17', '', ''),
(169, 1, 'reserve', 55, '2013-03-28 07:25:21', '', ''),
(170, 1, 'reserve', 58, '2013-03-28 07:25:25', '', ''),
(171, 1, 'checkin', 51, '2013-03-28 11:10:21', '', ''),
(172, 1, 'reserve', 51, '2013-03-28 12:02:50', '', ''),
(173, 1, 'reserve', 52, '2013-03-28 12:10:13', '', ''),
(174, 1, 'reserve', 51, '2013-03-28 12:16:02', '', ''),
(175, 1, 'reserve', 52, '2013-03-28 12:16:08', '', ''),
(176, 1, 'reserve', 51, '2013-03-28 12:17:49', '', ''),
(177, 1, 'checkin', 52, '2013-03-28 12:18:55', '', ''),
(178, 1, 'checkin', 51, '2013-03-28 12:37:39', '', ''),
(179, 1, 'checkin', 52, '2013-03-28 12:40:34', '', ''),
(180, 1, 'checkin', 60, '2013-03-28 12:40:38', '', ''),
(181, 1, 'checkin', 52, '2013-03-28 12:40:44', '', ''),
(182, 1, 'checkin', 51, '2013-03-28 12:51:48', '', ''),
(183, 1, 'reserve', 52, '2013-03-28 12:51:55', '', ''),
(184, 1, 'reserve', 60, '2013-03-28 12:51:58', '', ''),
(185, 1, 'checkin', 60, '2013-03-28 12:52:21', '', ''),
(186, 1, 'status', 0, '2013-03-30 06:47:18', 'change', ''),
(187, 1, 'status', 0, '2013-03-30 16:16:36', '@ghatak', ''),
(188, 1, 'status', 0, '2013-03-30 16:53:15', '@g', ''),
(189, 1, 'status', 0, '2013-03-30 16:56:00', '@g', ''),
(190, 1, 'photo-activity', 0, '2013-03-30 22:17:18', '', ''),
(194, 1, 'status', 0, '2013-03-31 10:04:52', 'abc', ''),
(206, 1, 'status', 0, '2013-03-31 12:34:01', 'simple status', ''),
(209, 1, 'photo-activity', 0, '2013-03-31 12:39:02', '', ''),
(219, 1, 'taggedstatus', 0, '2013-03-31 14:13:22', 'status', ''),
(220, 1, 'taggedstatus', 0, '2013-03-31 14:15:40', 'hello ', ''),
(221, 1, 'taggedstatus', 0, '2013-03-31 15:43:31', 'This is me', ''),
(222, 1, 'taggedstatus', 0, '2013-03-31 16:14:00', 'random ', ''),
(223, 1, 'taggedstatus', 0, '2013-03-31 16:15:12', 'testing status tagging again ', ''),
(224, 1, 'taggedstatus', 0, '2013-03-31 16:15:43', 'Hey Guys ', ''),
(225, 1, 'taggedstatus', 0, '2013-03-31 16:17:09', 'Hey again ', ''),
(226, 1, 'taggedstatus', 0, '2013-04-02 06:38:25', 'hello', ''),
(227, 1, 'photo-activity', 0, '2013-04-14 20:00:31', '', ''),
(228, 1, 'taggedstatus', 0, '2013-04-14 20:04:23', 'random', ''),
(229, 1, 'checkin', 52, '2013-04-24 10:00:43', '', ''),
(230, 1, 'reserve', 52, '2013-04-24 10:02:13', '', ''),
(231, 1, 'checkin', 46, '2013-04-24 10:03:21', '', ''),
(232, 1, 'checkin', 125, '2013-04-26 16:54:22', '', ''),
(233, 1, 'comment', 52, '2013-04-26 19:36:19', 'from search', ''),
(234, 1, 'comment', 52, '2013-04-26 19:37:39', 'from search 2', ''),
(235, 3, 'checkin', 1, '2013-05-02 21:38:18', '', ''),
(236, 4, 'taggedstatus', 0, '2013-05-03 06:14:30', 'random ', ''),
(237, 1, 'status', 0, '2013-05-04 07:19:15', 'hellllo', ''),
(238, 4, 'status', 0, '2013-05-05 18:22:51', 'hello', ''),
(239, 1, 'taggedstatus', 0, '2013-05-06 07:26:20', 'testing g', ''),
(240, 1, 'photo-activity', 0, '2013-05-08 08:57:33', '', ''),
(241, 1, 'photo-activity', 0, '2013-05-08 20:12:38', '', ''),
(242, 1, 'taggedstatus', 0, '2013-08-13 14:48:16', 'hello ', ''),
(243, 1, 'reserve', 54, '2013-08-13 19:08:55', '', ''),
(244, 1, 'photo-activity', 0, '2013-09-10 18:36:12', '', ''),
(245, 1, 'photo-activity', 0, '2013-09-10 18:40:23', '', ''),
(246, 1, 'photo-activity', 0, '2013-09-15 13:53:30', '', ''),
(247, 1, 'photo-activity', 0, '2013-09-17 17:40:06', '', ''),
(248, 1, 'photo-activity', 0, '2013-09-17 17:41:47', '', ''),
(249, 1, 'photo-activity', 0, '2013-09-17 18:39:20', '', ''),
(250, 1, 'photo-activity', 0, '2013-09-22 07:24:21', '', ''),
(251, 1, 'photo-activity', 0, '2013-09-22 09:10:42', '', ''),
(252, 1, 'photo-activity', 0, '2013-09-22 11:04:09', '', ''),
(253, 1, 'photo-activity', 0, '2013-09-22 11:16:19', '', ''),
(254, 1, 'photo-activity', 0, '2013-09-26 16:32:17', '', ''),
(255, 1, 'photo-activity', 0, '2013-09-26 16:33:14', '', ''),
(256, 1, 'photo-activity', 0, '2013-09-26 16:34:07', '', ''),
(257, 1, 'photo-activity', 0, '2013-09-26 16:35:20', '', ''),
(258, 1, 'photo-activity', 0, '2013-09-26 16:41:33', '', ''),
(259, 1, 'photo-activity', 0, '2013-09-26 16:42:37', '', ''),
(260, 1, 'photo-activity', 0, '2013-09-26 16:44:33', '', ''),
(261, 1, 'photo-activity', 0, '2013-09-26 16:44:35', '', ''),
(262, 1, 'photo-activity', 0, '2013-09-26 16:45:15', '', ''),
(263, 1, 'photo-activity', 0, '2013-09-26 16:46:19', '', ''),
(265, 1, 'photo-activity', 0, '2013-10-24 19:13:53', '', ''),
(266, 1, 'photo-activity', 0, '2013-10-24 19:29:20', '', ''),
(267, 1, 'photo-activity', 0, '2013-10-24 19:30:01', '', ''),
(268, 1, 'photo-activity', 0, '2013-10-24 19:34:19', '', ''),
(269, 1, 'photo-activity', 0, '2013-10-24 19:34:46', '', ''),
(270, 1, 'checkin', 51, '2013-10-24 19:35:08', '', ''),
(271, 1, 'reserve', 51, '2013-10-24 19:35:37', '', ''),
(272, 1, 'photo-activity', 0, '2013-10-24 19:47:09', '', ''),
(273, 1, 'photo-activity', 0, '2013-10-24 19:57:19', '', ''),
(274, 1, 'photo-activity', 0, '2013-10-24 19:59:09', '', ''),
(275, 1, 'photo-activity', 0, '2013-10-24 19:59:42', '', ''),
(276, 1, 'photo-activity', 0, '2013-10-24 20:01:55', '', ''),
(277, 1, 'photo-activity', 0, '2013-10-24 20:02:12', '', ''),
(278, 1, 'photo-activity', 0, '2013-10-24 20:04:56', '', ''),
(279, 1, 'photo-activity', 0, '2013-10-24 20:06:28', '', ''),
(280, 1, 'photo-activity', 0, '2013-10-24 20:06:49', '', ''),
(281, 1, 'photo-activity', 0, '2013-10-24 20:07:23', '', ''),
(282, 1, 'photo-activity', 0, '2013-10-24 20:08:24', '', ''),
(283, 1, 'photo-activity', 0, '2013-10-24 20:09:19', '', ''),
(284, 1, 'checkin', 52, '2013-10-24 20:09:30', '', ''),
(285, 1, 'photo-activity', 0, '2013-10-24 20:12:20', '', '');

-- --------------------------------------------------------

--
-- Table structure for table `cheersu_chat`
--

CREATE TABLE IF NOT EXISTS `cheersu_chat` (
  `chat_id` bigint(100) NOT NULL AUTO_INCREMENT,
  `chat_user_from` bigint(60) NOT NULL,
  `chat_user_to` bigint(60) NOT NULL,
  `chat_message` varchar(2000) NOT NULL,
  `chat_status` varchar(10) NOT NULL DEFAULT 'unread',
  `chat_time` varchar(20) NOT NULL,
  PRIMARY KEY (`chat_id`)
) ENGINE=InnoDB  DEFAULT CHARSET=latin1 AUTO_INCREMENT=1171 ;

--
-- Dumping data for table `cheersu_chat`
--

INSERT INTO `cheersu_chat` (`chat_id`, `chat_user_from`, `chat_user_to`, `chat_message`, `chat_status`, `chat_time`) VALUES
(1, 1, 2, 'ki re bokchod', 'read', '1363115427'),
(4, 3, 2, ',jkjh', 'read', '1363115541'),
(5, 3, 2, 'jhkjhkjh', 'read', '1363115542'),
(6, 3, 2, 'jhkjh', 'read', '1363115543'),
(7, 3, 2, 'jhjhgjkhkjhk', 'read', '1363115544'),
(8, 3, 2, 'jhghgfjghgvkjhgjg', 'read', '1363115546'),
(9, 1, 2, 'bok', 'read', '1363116027'),
(10, 1, 2, 'kjkj', 'read', '1363116028'),
(11, 1, 2, 'kjhjk', 'read', '1363116029'),
(12, 1, 2, 'kjhkjh', 'read', '1363116030'),
(13, 1, 2, 'kjhjkh', 'read', '1363116030'),
(14, 1, 2, 'kjhkjh', 'read', '1363116031'),
(15, 1, 2, 'kjhkjh', 'read', '1363116032'),
(16, 1, 2, 'kjhjkh', 'read', '1363116033'),
(17, 1, 2, 'kjlkj]', 'read', '1363116035'),
(18, 1, 2, 'jkjllkjlkj', 'read', '1363116036'),
(19, 1, 2, 'kjljh', 'read', '1363116037'),
(20, 1, 2, 'slkjfsldkfj', 'read', '1363116045'),
(21, 1, 2, 'slfkjsdlkfj', 'read', '1363116046'),
(22, 1, 2, 'sdlfkjdsklfj', 'read', '1363116046'),
(23, 1, 2, 'sdlfkjsdklfj', 'read', '1363116047'),
(24, 1, 2, 'sldfkjsdlkfj', 'read', '1363116048'),
(25, 1, 2, 'sdlfkjsldkjf', 'read', '1363116049'),
(26, 1, 2, 'sdlfkjdsklfj', 'read', '1363116049'),
(27, 1, 2, 'sdlkfjsldkfj', 'read', '1363116050'),
(28, 1, 2, 'sdlkfjldskfj', 'read', '1363116051'),
(29, 1, 2, 'sldfkjldskfj', 'read', '1363116051'),
(30, 1, 2, 'sdlfkjdslkfj', 'read', '1363116052'),
(31, 1, 2, 'sdfkljsdlfkj', 'read', '1363116053'),
(32, 1, 2, 'sdklfjsdfkjs', 'read', '1363116054'),
(33, 1, 2, 'dfls;kjfsd''fjs', 'read', '1363116054'),
(34, 1, 2, 'dfsd''fk', 'read', '1363116055'),
(35, 1, 2, 'sdfj', 'read', '1363116055'),
(36, 1, 2, 'sdfksd', 'read', '1363116055'),
(37, 1, 2, 'fskd', 'read', '1363116055'),
(38, 1, 2, 'f', 'read', '1363116056'),
(39, 1, 2, 'dsf', 'read', '1363116056'),
(40, 1, 2, 'dsf', 'read', '1363116056'),
(41, 1, 2, 'dsfsd', 'read', '1363116056'),
(42, 1, 2, 'fsd', 'read', '1363116056'),
(43, 1, 2, 'fsd', 'read', '1363116057'),
(44, 1, 2, 'fsd', 'read', '1363116057'),
(45, 1, 2, 'fsd', 'read', '1363116057'),
(46, 1, 2, 'fsdf', 'read', '1363116057'),
(47, 1, 2, 'sdf', 'read', '1363116058'),
(48, 1, 2, 'asflkeralkj', 'read', '1363116061'),
(49, 1, 2, 'asdlkjasd', 'read', '1363116061'),
(50, 1, 2, 'asd', 'read', '1363116062'),
(51, 1, 2, 'asd', 'read', '1363116062'),
(52, 1, 2, 'asd', 'read', '1363116062'),
(53, 1, 2, 'asda', 'read', '1363116062'),
(54, 1, 2, 'sd', 'read', '1363116063'),
(55, 1, 2, 'asdas', 'read', '1363116063'),
(56, 1, 2, 'das', 'read', '1363116063'),
(57, 1, 2, 'das', 'read', '1363116063'),
(58, 1, 2, 'dasd', 'read', '1363116064'),
(59, 1, 2, 'as', 'read', '1363116064'),
(60, 1, 2, 'dasd', 'read', '1363116064'),
(61, 1, 2, 'asd', 'read', '1363116064'),
(62, 1, 2, 'asd', 'read', '1363116064'),
(63, 1, 2, 'lkjlkj', 'read', '1363116141'),
(64, 1, 2, 'lkjlkj', 'read', '1363116142'),
(65, 1, 2, 'lkjlkj', 'read', '1363116143'),
(66, 1, 2, 'lkjlkjlkjlkj', 'read', '1363116145'),
(67, 1, 2, 'lkjlkjkj', 'read', '1363116147'),
(68, 1, 2, 'kjlkjlkj', 'read', '1363116148'),
(69, 1, 2, 'lkjljk', 'read', '1363116149'),
(70, 1, 2, 'lkjlkj', 'read', '1363116150'),
(71, 1, 2, 'lkjlkj', 'read', '1363116150'),
(72, 1, 2, 'kjlkj', 'read', '1363116151'),
(73, 1, 2, 'lkjlk', 'read', '1363116152'),
(74, 1, 2, 'lkjlkj', 'read', '1363116153'),
(75, 1, 2, 'lkjlkj', 'read', '1363116154'),
(76, 1, 2, 'lkjlkjlkjlkj', 'read', '1363116156'),
(77, 1, 2, 'lkjlkj', 'read', '1363116157'),
(78, 1, 2, 'ljlkj', 'read', '1363116157'),
(79, 1, 2, 'random', 'read', '1363145674'),
(80, 1, 2, 'random', 'read', '1363145675'),
(81, 1, 2, 'balbcichiosdlfjsdlkfj sdlkfjsldkfj', 'read', '1363145678'),
(82, 1, 2, 'skldfjsldfkj slkfjskldjf ', 'read', '1363145680'),
(83, 1, 2, 'skldjfsldkfjskldjlskdjf', 'read', '1363145681'),
(84, 1, 2, 'sdlkfjsdlkfj', 'read', '1363145682'),
(85, 1, 2, 'ss', 'read', '1363145682'),
(86, 1, 2, 'dfsdlkfjsdlfkj', 'read', '1363145683'),
(87, 1, 2, 'sdf', 'read', '1363145683'),
(88, 1, 2, 'sdfsdf', 'read', '1363145684'),
(89, 1, 2, 'sdf', 'read', '1363145684'),
(90, 1, 2, 'sdfs', 'read', '1363145684'),
(91, 1, 2, 'fsdf', 'read', '1363145685'),
(92, 1, 2, 'sdf', 'read', '1363145685'),
(93, 1, 2, 'sdf', 'read', '1363145685'),
(94, 1, 2, 'sdf', 'read', '1363145685'),
(95, 1, 2, 'sdfs', 'read', '1363145686'),
(96, 1, 2, 'dfds', 'read', '1363145686'),
(97, 1, 2, 'fds', 'read', '1363145686'),
(98, 1, 2, 'fsdfsdf', 'read', '1363145687'),
(99, 1, 2, 'dsfs', 'read', '1363145687'),
(100, 1, 2, 'ds', 'read', '1363145688'),
(101, 1, 2, 'fsd', 'read', '1363145688'),
(102, 1, 2, 'fsdf', 'read', '1363145688'),
(103, 1, 2, 'sdf', 'read', '1363145689'),
(104, 1, 2, 'sdf', 'read', '1363145689'),
(105, 1, 2, 'sdf', 'read', '1363145689'),
(106, 1, 2, 'dsfsd', 'read', '1363145689'),
(107, 1, 2, 'fsd', 'read', '1363145690'),
(108, 1, 2, 'fwerwefdfsdfsdf', 'read', '1363145691'),
(109, 1, 2, 'dsf', 'read', '1363145691'),
(110, 1, 2, 'sdfds', 'read', '1363145691'),
(111, 1, 2, 'fsd', 'read', '1363145692'),
(112, 1, 2, 'fsd', 'read', '1363145692'),
(113, 1, 2, 'fsd', 'read', '1363145692'),
(114, 1, 2, 'fsd', 'read', '1363145693'),
(115, 1, 2, 'sd', 'read', '1363145693'),
(116, 1, 2, 'fsd', 'read', '1363145693'),
(117, 1, 2, 'fsd', 'read', '1363145693'),
(118, 1, 2, 'fsd', 'read', '1363145694'),
(119, 1, 2, 'fsd', 'read', '1363145694'),
(120, 1, 2, 'fsd', 'read', '1363145694'),
(121, 1, 2, 'fsdfsd', 'read', '1363145695'),
(122, 1, 2, 'fsdf', 'read', '1363145695'),
(123, 1, 2, 'sdf', 'read', '1363145696'),
(124, 1, 2, 'sdf', 'read', '1363145696'),
(125, 1, 2, 'sdfsdfsd', 'read', '1363145697'),
(126, 1, 2, 'ds', 'read', '1363145697'),
(127, 1, 2, 'fsdfdsfds', 'read', '1363145698'),
(128, 1, 2, 'sd', 'read', '1363145698'),
(129, 1, 2, 'fsdfsdf', 'read', '1363145699'),
(130, 1, 2, 'sdf', 'read', '1363145699'),
(131, 1, 2, 'sdf', 'read', '1363145700'),
(132, 1, 2, 'sd', 'read', '1363145700'),
(133, 1, 2, 'sdfdsf', 'read', '1363145701'),
(134, 1, 2, 'sf', 'read', '1363145701'),
(135, 1, 2, 'sdf', 'read', '1363145701'),
(136, 1, 2, 'sdf', 'read', '1363145702'),
(137, 1, 2, 'sd', 'read', '1363145702'),
(138, 1, 2, 'fsf', 'read', '1363145702'),
(139, 1, 2, 'fs', 'read', '1363145702'),
(140, 1, 2, 'd', 'read', '1363145704'),
(141, 1, 2, 'kjhkjhkj', 'read', '1363159162'),
(142, 1, 2, 'kljkljlj', 'read', '1363159164'),
(143, 1, 2, 'lmnklj ', 'read', '1363159165'),
(144, 1, 2, 'kjhjh ', 'read', '1363159168'),
(145, 1, 2, 'hello', 'read', '1363164157'),
(146, 1, 2, 'sdfsdf', 'read', '1363164160'),
(147, 1, 2, 'slkdfjdsl', 'read', '1363164160'),
(148, 1, 2, 'sldkfjsdlfj ', 'read', '1363164161'),
(149, 1, 2, 'sldkfjdslfk', 'read', '1363164162'),
(150, 1, 4, 'rando', 'read', '1363182406'),
(151, 1, 4, 'srandsflks sdfsd', 'read', '1363182409'),
(152, 1, 4, ' sldfkjdslfj sdflkjdsf', 'read', '1363182410'),
(153, 1, 3, 'rnadom', 'read', '1363182423'),
(154, 1, 3, 'sj  sdfsf sdfs ', 'read', '1363182426'),
(155, 1, 4, 'hello', 'read', '1363189289'),
(156, 4, 1, 'kutta', 'read', '1363189452'),
(157, 1, 4, 'kutta', 'read', '1363189555'),
(158, 4, 1, 'random', 'read', '1363189568'),
(159, 1, 4, 'harami', 'read', '1363189575'),
(160, 4, 1, 'randombokcjod', 'read', '1363189587'),
(161, 1, 4, 'kukur', 'read', '1363189613'),
(162, 4, 1, 'haramjada', 'read', '1363189630'),
(163, 1, 4, 'kurra', 'read', '1363189715'),
(164, 4, 1, 'sdklfjsdlf', 'read', '1363189728'),
(165, 4, 1, 'sdflkjdslfkj', 'read', '1363189728'),
(166, 4, 1, 'sdfkljdslfkj', 'read', '1363189729'),
(167, 4, 1, 'sdklfjdslkfj', 'read', '1363189730'),
(168, 4, 1, 'sdlfkjdslkfj', 'read', '1363189730'),
(169, 4, 1, 'sdlfkjsdklfj', 'read', '1363189731'),
(170, 1, 4, 'harami', 'read', '1363189751'),
(171, 4, 1, 'random bokchod', 'read', '1363189759'),
(172, 4, 1, 'kutta r bacha', 'read', '1363189800'),
(173, 1, 4, 'haramjada', 'read', '1363189805'),
(174, 4, 1, 'ke bhai', 'read', '1363189810'),
(175, 1, 4, 'ki shob', 'read', '1363189813'),
(176, 1, 4, 'random', 'read', '1363189827'),
(177, 4, 1, 'ki hoche', 'read', '1363189833'),
(178, 4, 1, 'ke bhai', 'read', '1363189841'),
(179, 1, 4, 'ke re', 'read', '1363189847'),
(180, 4, 1, 'ki', 'read', '1363189849'),
(181, 4, 1, 'kukur', 'read', '1363189860'),
(182, 1, 4, 'random', 'read', '1363189865'),
(183, 4, 1, 'random balbichi', 'read', '1363189872'),
(184, 1, 4, 'randomise', 'read', '1363189879'),
(185, 4, 1, 'kukur haramjada', 'read', '1363189919'),
(186, 4, 1, 'kujrkadsf', 'read', '1363189921'),
(187, 4, 1, 'lskdjf', 'read', '1363189922'),
(188, 4, 1, 'sdlfkjsdf', 'read', '1363189922'),
(189, 4, 1, 'sdlkfjsdlfkj', 'read', '1363189923'),
(190, 4, 1, 'sdlfkjdsklfj', 'read', '1363189924'),
(191, 4, 1, 'ldskjfldskjf', 'read', '1363189924'),
(192, 4, 1, 'sdfkljs sdf', 'read', '1363189931'),
(193, 4, 1, 'sdflkjsd sd', 'read', '1363189932'),
(194, 4, 1, 'fsdflkjs ', 'read', '1363189932'),
(195, 4, 1, 'dsfklsjf', 'read', '1363189933'),
(196, 4, 1, 'harami', 'read', '1363189935'),
(197, 3, 1, 'ke re harami', 'read', '1363189958'),
(198, 1, 3, 'bol re kutt', 'read', '1363189973'),
(199, 3, 1, 'kukur', 'read', '1363189979'),
(200, 1, 3, 'bokachoda', 'read', '1363189987'),
(201, 3, 1, 'haramjada', 'read', '1363190011'),
(202, 2, 1, 'randomize', 'read', '1363190025'),
(203, 2, 1, 'ki  korchis', 'read', '1363190044'),
(204, 2, 1, '?', 'read', '1363190047'),
(205, 1, 2, 'chirchi', 'read', '1363190055'),
(206, 4, 1, 'cher bara', 'read', '1363190081'),
(207, 2, 1, 'bokchod', 'read', '1363190097'),
(208, 1, 2, 'random', 'read', '1363190106'),
(209, 1, 2, 'khanki r chele', 'read', '1363190129'),
(210, 2, 1, 'bokchod', 'read', '1363190135'),
(211, 2, 1, 'kukka', 'read', '1363190210'),
(212, 1, 2, 'harami', 'read', '1363190219'),
(213, 2, 1, 'kkkk', 'read', '1363190224'),
(214, 1, 2, 'sdfffffffffdfffffffffffffffffffffffffffffffffffffffffffffffffffffffffffffffffffffffffffffffffffffffffffffffffff sdfsdfdsfsdfsd', 'read', '1363190306'),
(215, 1, 2, 'kurra', 'read', '1363190315'),
(216, 2, 1, 'ljsdfskldjf', 'read', '1363190323'),
(217, 2, 1, 'lskdfjsdlkfj', 'read', '1363190323'),
(218, 2, 1, 'sdlkfjsd sdlfkjdslfkj skdfkljdslfkj ', 'read', '1363190326'),
(219, 2, 1, 'lskdjf  sdfkljsdlf  sdlkfjsdlkfj sdlfkjsdf', 'read', '1363190329'),
(220, 2, 1, 'harami', 'read', '1363190331'),
(221, 1, 2, 'bokchod', 'read', '1363190930'),
(222, 4, 1, 'bokchod', 'read', '1363190970'),
(223, 1, 4, 'ki re haramjaada', 'read', '1363190978'),
(224, 2, 1, 'random', 'read', '1363191528'),
(225, 1, 2, 'kuku', 'read', '1363191545'),
(226, 2, 1, 'random', 'read', '1363191553'),
(227, 1, 4, 'random', 'read', '1363193273'),
(228, 3, 1, 'random', 'read', '1363193279'),
(229, 3, 4, 'kutta r bacha', 'read', '1363193304'),
(230, 4, 3, 'haramjada', 'read', '1363193320'),
(231, 4, 3, 'kukur', 'read', '1363193330'),
(232, 3, 4, 'random', 'read', '1363193336'),
(233, 1, 4, 'kutta', 'read', '1363195750'),
(234, 4, 1, 'random balbichi', 'read', '1363195755'),
(235, 1, 4, 'sdklfjdsf', 'read', '1363195967'),
(236, 1, 4, ' lsdkfjldskjf sdklfjs dlfsdf sdlfkjsd', 'read', '1363195970'),
(237, 1, 4, 'sldkfj lskdfj sdklfj ', 'read', '1363195971'),
(238, 1, 4, 'sdlkfj sdlfkj sdklfj sdfklj ', 'read', '1363195974'),
(239, 1, 4, 'sldkfj lkds flsdkfj sdlfkj ', 'read', '1363195976'),
(240, 1, 4, 'sdklfjsdlkfjisjdf sdlfkjdslkfj lsdkfj dsklfj', 'read', '1363195985'),
(241, 4, 1, 'random', 'read', '1363196003'),
(242, 4, 1, ' sdlfkj sdfsdlkfj ', 'read', '1363196005'),
(243, 4, 1, 'sdlfkjs df', 'read', '1363196005'),
(244, 4, 1, ' sdflksjd f sdfldskjf sdfls d', 'read', '1363196007'),
(245, 4, 1, 'sdfkljdsl lsdkfj sldkfj ', 'read', '1363196008'),
(246, 4, 1, 'lsdkjf sdfj sdlfj lsdk fj', 'read', '1363196010'),
(247, 4, 1, 'ldskfj sld f', 'read', '1363196010'),
(248, 4, 1, 's dfklsdfj lskdj f ', 'read', '1363196011'),
(249, 4, 1, 'sdfsdfsd', 'read', '1363196012'),
(250, 4, 1, 'aeirjlfkj', 'read', '1363196014'),
(251, 4, 1, 'ralskj ', 'read', '1363196016'),
(252, 4, 1, 'lskdfjds sdlfkj', 'read', '1363196087'),
(253, 4, 1, 'sdlfkj dsfklj ', 'read', '1363196088'),
(254, 4, 1, 'sdklfjds f', 'read', '1363196089'),
(255, 4, 1, 'sdfdsfsd', 'read', '1363196090'),
(256, 4, 1, 'werewr', 'read', '1363196091'),
(257, 4, 1, 's', 'read', '1363196091'),
(258, 4, 1, 'ew', 'read', '1363196091'),
(259, 4, 1, 'rew', 'read', '1363196091'),
(260, 4, 1, 'rew', 'read', '1363196092'),
(261, 4, 1, 'rew', 'read', '1363196092'),
(262, 4, 1, 'wer', 'read', '1363196092'),
(263, 4, 1, 'rwer', 'read', '1363196093'),
(264, 4, 1, 'werwer', 'read', '1363196093'),
(265, 4, 1, 'ewr', 'read', '1363196093'),
(266, 4, 1, 'ewr', 'read', '1363196094'),
(267, 4, 1, 'ewrwe', 'read', '1363196094'),
(268, 4, 1, 'rew', 'read', '1363196094'),
(269, 4, 1, 'rew', 'read', '1363196094'),
(270, 4, 1, 'rew', 'read', '1363196095'),
(271, 4, 1, 'rew', 'read', '1363196095'),
(272, 4, 1, 'rwe', 'read', '1363196095'),
(273, 4, 1, 'rew', 'read', '1363196095'),
(274, 4, 1, 'rew', 'read', '1363196095'),
(275, 4, 1, 'rew', 'read', '1363196096'),
(276, 4, 1, 'rwerewr', 'read', '1363196104'),
(277, 4, 1, 'dfs sdfsdf', 'read', '1363196136'),
(278, 1, 4, 'sdfsdf', 'read', '1363196154'),
(279, 1, 4, 'dssadasd', 'read', '1363196162'),
(280, 1, 4, 'sdffsddklsj ', 'read', '1363196184'),
(281, 1, 4, 'sdfds', 'read', '1363196185'),
(282, 1, 4, 'werewr', 'read', '1363196186'),
(283, 1, 4, 'wer', 'read', '1363196186'),
(284, 1, 4, 'ewr', 'read', '1363196187'),
(285, 1, 4, 'ewr', 'read', '1363196187'),
(286, 1, 4, 'ewrew', 'read', '1363196187'),
(287, 1, 4, 'rwe', 'read', '1363196187'),
(288, 1, 4, 'rwer', 'read', '1363196188'),
(289, 1, 4, 'we', 'read', '1363196188'),
(290, 1, 4, 'kutta r bacha', 'read', '1363199249'),
(291, 4, 1, 'haramjada', 'read', '1363199291'),
(292, 4, 1, 'kutta r bacha', 'read', '1363199302'),
(293, 4, 1, 'harami', 'read', '1363199345'),
(294, 1, 4, 'kukur', 'read', '1363199541'),
(295, 2, 1, 'kutta', 'read', '1363199619'),
(296, 1, 2, 'harami', 'read', '1363199623'),
(297, 2, 1, 'haramjada', 'read', '1363199628'),
(298, 2, 1, 'ki laora', 'read', '1363199633'),
(299, 1, 4, 'haramjada', 'read', '1363199675'),
(300, 4, 1, 'bokchod', 'read', '1363199680'),
(301, 4, 1, 'laora', 'read', '1363199739'),
(302, 1, 4, 'randi', 'read', '1363199743'),
(303, 1, 4, 'bokchod', 'read', '1363199747'),
(304, 1, 2, 'random', 'read', '1363200358'),
(305, 1, 2, 'hello', 'read', '1363200360'),
(306, 1, 2, 'random', 'read', '1363200581'),
(307, 1, 2, 'sldkfsdf ', 'read', '1363200586'),
(308, 1, 2, 'we will rock this club together we will rock this club together we will rock this club together we will rock this club together we will rock this club together ', 'read', '1363200599'),
(309, 1, 2, 'random', 'read', '1363200685'),
(310, 1, 2, 'random', 'read', '1363200687'),
(311, 1, 2, 'random', 'read', '1363200724'),
(312, 1, 2, 'random', 'read', '1363200776'),
(313, 1, 2, 'random', 'read', '1363200846'),
(314, 1, 4, 'kutta r bacha', 'read', '1363200870'),
(315, 1, 2, 'table', 'read', '1363200913'),
(316, 1, 2, 'random', 'read', '1363200956'),
(317, 1, 2, 'random', 'read', '1363201024'),
(318, 1, 2, 'random', 'read', '1363201026'),
(319, 1, 2, 'random', 'read', '1363201101'),
(320, 1, 2, 'kutta r bacha', 'read', '1363201206'),
(321, 1, 2, 'random', 'read', '1363201661'),
(322, 1, 2, 'sdfsd sdfdsf  dfsd sdf sd sdf sfs dfsd  sd sdf sdf sdf sd sf sdf sdf sdf sdf dsf sd', 'read', '1363201674'),
(323, 1, 2, ' sd sd sd sd sd sd sd sdf sd sd sd  sdf sd sdf s s  sdf s s d fs', 'read', '1363201682'),
(324, 1, 2, 'ssdf sd sd sdf dsf sdfdsf dsf sdf sdf dsf sd fsd fsd sd fds ssdf sd sd sdf dsf sdfdsf dsf sdf sdf dsf sd fsd fsd sd fds ssdf sd sd sdf dsf sdfdsf dsf sdf sdf dsf sd fsd fsd sd fds', 'read', '1363201693'),
(325, 1, 4, 'sdfsdf sdfkljds fsdf sldfkj ', 'read', '1363201773'),
(326, 1, 4, ' sdlfkjsd flskdfj lsdkfj  sdlfkjdslf sdklfj dslkfj ', 'read', '1363201779'),
(327, 1, 4, 'slkdf sdf lsdfkj sdfklsj dflsdk f', 'read', '1363201781'),
(328, 1, 4, 'skldfj sldkfj sldfkj skldfj sldkfjsldkfjs dlskdfj lsdkfj sdlkfj sdlfkj ', 'read', '1363201785'),
(329, 1, 4, 'lskdfj sdlkfj sdlkfj sldfkj ldsf lkdsjf sldkf sdlfkj dslkfj \\', 'read', '1363201788'),
(330, 1, 4, 'ssdf sd sd sdf dsf sdfdsf dsf sdf sdf dsf sd fsd fsd sd fds', 'read', '1363201795'),
(331, 1, 4, 'ssdf sd sd sdf dsf sdfdsf dsf sdf sdf dsf sd fsd fsd sd fds ssdf sd sd sdf dsf sdfdsf dsf sdf sdf dsf sd fsd fsd sd fds ssdf sd sd sdf dsf sdfdsf dsf sdf sdf dsf sd fsd fsd sd fds', 'read', '1363201799'),
(332, 1, 4, 'random', 'read', '1363201863'),
(333, 1, 4, 'sdfds sdfdsf', 'read', '1363201865'),
(334, 1, 4, 's sdflkdsj fsdfkljds lfksdj fsdlkfj sdlfk dslfk dslfk sjdflkj ldskj f ssdf sd sd sdf dsf sdfdsf dsf sdf sdf dsf sd fsd fsd sd fds ssdf sd sd sdf dsf sdfdsf dsf sdf sdf dsf sd fsd fsd sd fds', 'read', '1363201870'),
(335, 1, 4, '.chatbox .chat-text table', 'read', '1363201916'),
(336, 1, 4, '.chatbox .chat-text table', 'read', '1363201917'),
(337, 1, 4, '.chatbox .chat-text table', 'read', '1363201918'),
(338, 1, 4, '.chatbox .chat-text table', 'read', '1363201919'),
(339, 1, 4, '.chatbox .chat-text table .chatbox .chat-text table .chatbox .chat-text table', 'read', '1363201934'),
(340, 1, 4, ' .chatbox .chat-text table .chatbox .chat-text table .chatbox .chat-text table', 'read', '1363201936'),
(341, 1, 4, 'random', 'read', '1363202007'),
(342, 1, 4, ' sdlfkjsdf sdlkfj sdlfsdlfj sdlfkj sdfkl jdsfl ', 'read', '1363202010'),
(343, 1, 4, 'sldkfj sdlkf jsdlfk jsdlfk jsdlfkj sdlfk jsdklf jdslkf jsdlfk jdslkf jdslkf jsdlkfj sdlkfj dslkfjsdlfkj ', 'read', '1363202014'),
(344, 1, 4, 'sdklfjs dfklsd fldskj fsdlkfj sdklfj dsklfj sdklfj sdlkfj sldkfj dsklfj ldskj fklsdjfldskj fldskfj sldkfj ldskfj ', 'read', '1363202040'),
(345, 1, 4, 'sldkfj sdlkfj sdlkfj sdlkfj sdlkf j', 'read', '1363202042'),
(346, 1, 4, 'lskdfj dslkfsdlfkj sdlfkj sdlfkj sd', 'read', '1363202046'),
(347, 4, 1, 'radnsdflskdf', 'read', '1363202070'),
(348, 4, 1, 'sldkfjsdfkl ', 'read', '1363202072'),
(349, 4, 1, 'sdflkjsdlfkj ', 'read', '1363202073'),
(350, 1, 2, 'raldskfj sdf', 'read', '1363202082'),
(351, 1, 2, 'sdlfkjsd fldskjf sldkfj sdlfkj sdlfkj sdlkfj ', 'read', '1363202084'),
(352, 1, 2, 'sldfkj sdlkfj sdlfkj sdlkfj ', 'read', '1363202085'),
(353, 1, 2, 'ldsfkj dslkfj sldfk jdslfkj dslfkj ', 'read', '1363202087'),
(354, 1, 2, 'ldskfj sldkfj sdklfj lsdj fs', 'read', '1363202088'),
(355, 1, 4, 'random sdrslkdj fkl ', 'read', '1363202148'),
(356, 1, 4, 'sdlkfj sdlkfj dsklf', 'read', '1363202149'),
(357, 1, 4, 'lksdfj lsdkf sdlkfj sd', 'read', '1363202150'),
(358, 1, 4, 'sdlkfj sdlkfj dslkfj sdlkfj sdlkfj sdlkf jsdlfkj dslkfj dslfkj sdlfk jdslkf jsldkfj dslfkj sdlfkj sdlkfj sdlfj sdlfk jsdlkfj sdlkfj ', 'read', '1363202155'),
(359, 1, 4, 'sd flksdjfldskj', 'read', '1363202158'),
(360, 1, 4, 'lskdjf sdlkfj dslfk jsdlkfj sdlkfj sdlfkjdslkfj dslkfj dsflk dsjf', 'read', '1363202160'),
(361, 1, 4, 'lskdfj dslkfj sdlfk jsdlfkj ', 'read', '1363202162'),
(362, 1, 4, 'lskdjf sdlkfj sdlfkj sdlf', 'read', '1363202164'),
(363, 1, 4, 'sldkfj sdlfkj ', 'read', '1363202165'),
(364, 1, 4, 'sldfkj sdlkfj ', 'read', '1363202166'),
(365, 1, 4, 'sdlfkj sdlkfj ', 'read', '1363202166'),
(366, 1, 4, 'sdlfkj sldkfj sldfkj ', 'read', '1363202167'),
(367, 1, 4, 'sdlfkj sdlfkj ', 'read', '1363202168'),
(368, 1, 4, 'random', 'read', '1363202222'),
(369, 1, 4, 'random', 'read', '1363202223'),
(370, 1, 4, 'random', 'read', '1363202224'),
(371, 1, 4, 'random', 'read', '1363202268'),
(372, 1, 4, 'random', 'read', '1363202269'),
(373, 1, 4, 'random', 'read', '1363202270'),
(374, 1, 4, 'random', 'read', '1363202272'),
(375, 1, 4, 'random', 'read', '1363202301'),
(376, 1, 4, 'random', 'read', '1363202303'),
(377, 1, 4, 'random', 'read', '1363202304'),
(378, 1, 2, 'random', 'read', '1363202320'),
(379, 1, 2, 'random', 'read', '1363202321'),
(380, 1, 2, 'random', 'read', '1363202322'),
(381, 1, 2, 'aseldkfjldskjf', 'read', '1363202324'),
(382, 1, 2, 'margin-top:10px; margin-top:10px; margin-top:10px; margin-top:10px; margin-top:10px; margin-top:10px; v margin-top:10px; ', 'read', '1363202334'),
(383, 1, 2, 'margin-top:10px;margin-top:10px;margin-top:10px;margin-top:10px;', 'read', '1363202336'),
(384, 1, 2, 'margin-top:10px;margin-top:10px;margin-top:10px;margin-top:10px;', 'read', '1363202338'),
(385, 1, 2, 'margin-top:10px;margin-top:10px;margin-top:10px;margin-top:10px;', 'read', '1363202341'),
(386, 1, 2, 'margin-top:10px;margin-top:10px;margin-top:10px;', 'read', '1363202342'),
(387, 1, 4, 'random', 'read', '1363202377'),
(388, 1, 4, 'random', 'read', '1363202378'),
(389, 1, 4, 'sdlkfjdslfkj margin-top:10px;margin-top:10px;margin-top:10px;margin-top:10px;margin-top:10px;margin-top:10px;margin-top:10px;margin-top:10px;margin-top:10px;margin-top:10px;margin-top:10px; margin-top:10px;margin-top:10px;', 'read', '1363202383'),
(390, 1, 4, 'sdfsdfsdfsddd', 'read', '1363202411'),
(391, 1, 4, 'random random random random random random random random', 'read', '1363202490'),
(392, 1, 2, 'random', 'read', '1363202511'),
(393, 1, 2, ' radslkfjsd f', 'read', '1363202512'),
(394, 1, 2, 'ksdfjlsdkfj sd', 'read', '1363202514'),
(395, 1, 2, 'sd fsdlfjs dflskd fsdlkf ldsfkj dslfk dslfkj dslkfj dslfkj ds', 'read', '1363202516'),
(396, 1, 2, 'random', 'read', '1363202534'),
(397, 1, 2, 'random', 'read', '1363202543'),
(398, 1, 2, 'random', 'read', '1363202545'),
(399, 1, 2, 'aelrskjsldkfj sdlkfj ', 'read', '1363202546'),
(400, 1, 2, 'sdfkls dflsk djfsldkfj ldskfj ', 'read', '1363202547'),
(401, 1, 2, 'lsdkfjdslkfjsdfkjdslfjdslfkjdslkfjdslfkjsdlfkjdsssssssssssssssssssssssssss', 'read', '1363202552'),
(402, 1, 2, 'lsdkfjdslk fsdlkfj dslfkj sdlkfj dslkf jsdlkfj dsklf jdslfj sdlkf jdslfj dslfkj dslfk jdslfkj dslkfj dslk fjdslfj', 'read', '1363202557'),
(403, 1, 2, 'arsdfdsf sdfsdfdsf sdf sdfds', 'read', '1363202570'),
(404, 4, 1, 'random', 'read', '1363202665'),
(405, 4, 1, ' raselkfjsdlfk sdlkf j', 'read', '1363202667'),
(406, 1, 4, 'sldkfjsd fsdlfkjsdlkjf', 'read', '1363202672'),
(407, 1, 4, 'lksdjfls dfdsklfj sdfklsjdf ldskf ', 'read', '1363202674'),
(408, 1, 4, 'lsdkjfsldkfj sldkfj ', 'read', '1363202675'),
(409, 1, 4, 'lsdfkjsldkfj sdlkfjsdlfk dsf', 'read', '1363202676'),
(410, 1, 4, 'sldkfjsdl fsldfkj', 'read', '1363202677'),
(411, 1, 2, 'random random', 'read', '1363203449'),
(412, 1, 2, 'random random', 'read', '1363203452'),
(413, 1, 2, 'random random sldkfsdlfkjsd', 'read', '1363203525'),
(414, 1, 2, 'random random', 'read', '1363203582'),
(415, 1, 2, 'kjlfdsjsd fsdlkfj dslfkjds lfkj dsflk sjdflkj sad;lfkjsdfkj dslfkj dslkfj dslkfj dslkfj dslkf jdslkfj dslfkj dslfk jdsklfj sd', 'read', '1363203601'),
(416, 1, 2, 'sldkfj dslkfj dsklfj sdlkfj sdlfkj dslfkj dslkfj dslkfj sdlkfj dslkfj sdlkfj sdlkf jdslkfj sdlkfj dslfkj dslkfj', 'read', '1363203605'),
(417, 1, 4, ';klsd;flks;lf kds;lfk', 'read', '1363203617'),
(418, 1, 2, 'random random random random random randoma rasldkfjsldk fsdlkfj dslfkjsd ldskjf sdklfj ;ldsfj ;dslkfj s;kfj as;d fjs;dfkj sd;klfj s;dlfkj', 'read', '1363203725'),
(419, 2, 1, 'sdfsdjbalkdjflds kfjsdlfkj sd', 'read', '1363203734'),
(420, 2, 1, 'sldkfjs dlfkj sdlfkj sdlf sjdflkj dsflskdj f', 'read', '1363203736'),
(421, 2, 1, 'sldfkj sldkfj sldkfj sldfj sldkfj dsljf ', 'read', '1363203737'),
(422, 2, 1, 'lsdkfj sdlfkj sdlkfj sldkfj sldkfj sldkfj sldkfj ', 'read', '1363203739'),
(423, 2, 1, 'sdlfkj sdlkfj ldskj fldskj fldskfj ldsfkj ', 'read', '1363203741'),
(424, 2, 1, 'sdlfkj dslkfj dslkjf ldsfkj ', 'read', '1363203742'),
(425, 2, 1, 'sdlfkj ldskf jlsdkfj ldskfj ldskfj ', 'read', '1363203743'),
(426, 2, 1, 'sdlkfj sdlkfj sdklfj sldfkj ', 'read', '1363203745'),
(427, 2, 1, 'sdlfkj sdlfkj sldkfj ldskfj ', 'read', '1363203746'),
(428, 2, 1, 'sdlkf jsdlfkj sdlkfj ', 'read', '1363203747'),
(429, 1, 2, 'lksdjflskdfj sdklfj dslkfj sdklfj', 'read', '1363203760'),
(430, 1, 2, 'sdlfkj sdlkfj dsklfj', 'read', '1363203761'),
(431, 1, 2, 'sdfkljs dflksj dfkldsj f', 'read', '1363203762'),
(432, 1, 2, 'sdlfkj sdlkfj sdklfj sd', 'read', '1363203762'),
(433, 1, 2, 'sdlkfj sdlkfj sdkf', 'read', '1363203763'),
(434, 1, 2, 'sdflkj sdklfj dsklfj ', 'read', '1363203764'),
(435, 2, 1, 'sdklfjsldkfjsdklf jdslfkjdslfkj sdklfj sdlkfj sldkfj sdklfj sdklfj dsklfj sdklfj ', 'read', '1363203782'),
(436, 2, 1, 'sdlkfj sdlfkj sdlfkj sdlkfj sldkfj ', 'read', '1363203783'),
(437, 2, 1, 'sdlfkj sdlkfj dslkfj dskl fjlskdfj kldsj f', 'read', '1363203785'),
(438, 2, 1, 'sdklfj sdlfkj sdlkfj sldkj flsdkjf lskdj f', 'read', '1363203786'),
(439, 2, 1, 'sdlkfj dslkfj sdklfj sldkfj sldkfj dslkfj ', 'read', '1363203788'),
(440, 2, 1, 'sdlfkj dslfkj dslkfj sdklfj sdlkfj sdlkfj sldkfj ldsfkjsdklfj sdlkfj dslkfj ldskfj dslk', 'read', '1363203791'),
(441, 2, 1, 'radslksjdklfjsd flksdjf lskdfj lsdkfj lskdfj ldskf jsdlfj sdlfk jdslkfj sdlkfj sdlkf jsdlkf jdsklfj sdlkfj dslfk sjdlfk sjdflkj ', 'read', '1363203862'),
(442, 1, 2, 'ldsfjsldkfjsd sdlkfjsldkfjsdlk fsdklfj sldf sdlf sdlf ', 'read', '1363203868'),
(443, 1, 2, 'lskdfj sldkf jlsdkfj ', 'read', '1363203869'),
(444, 1, 2, 'lsdkfj sldkf j', 'read', '1363203870'),
(445, 1, 2, 'sdlkfjs dlfkj ', 'read', '1363203870'),
(446, 1, 2, 'sdlfkj sdlfkj ', 'read', '1363203871'),
(447, 1, 2, 'lsdkfj sldkf jsldfkj ', 'read', '1363203873'),
(448, 1, 2, 'lskdfj sldkfj sldfkj ', 'read', '1363203874'),
(449, 2, 1, 'lsdkfjsdlkfjdslfkjdslf sdlfk jsdlkfj dslfkj dslfkj ', 'read', '1363203884'),
(450, 2, 1, 'radslkfsjdflk dsflskjd flsdkfj sldfkj sdlkfj sdlfkj sdlfkj sdlfkj dslkfj dslkfj sdklfj ldskfj skldjf slakdjf;slakdjf;lasdkj f;lsdkjf s;dlfkj sd;fl kjsd;lfkj as;dlfj s;aldfkj ', 'read', '1363203931'),
(451, 2, 1, 'lkjsdlfkjsdlfkjsdlfkjdslfkjdsklfjsdklfjsd lkdsjfsldkf ldskfj ', 'read', '1363203935'),
(452, 2, 1, 'sldfkjsl dfsdlfkj sdlf sdlkfj sdlfj sdlfkjsla;dfj s;aldkjf saldjf', 'read', '1363203938'),
(453, 2, 1, 'sdlf jsdlfkj sldfj lsadfk jsaldfj sldfj', 'read', '1363203939'),
(454, 2, 1, 'sldfkj sldfkj lsdfkj lsdkfj sdlfkj dslfkj s', 'read', '1363203941'),
(455, 2, 1, 'skldfj sdlfj ldsfj sldkfj sdlfj ', 'read', '1363203943'),
(456, 1, 2, 'sdlfksdfkl', 'read', '1363203947'),
(457, 1, 2, 'sldfksjdlfkjdslfkj', 'read', '1363203949'),
(458, 2, 1, 'lsdkfjsldkfjsdl fsdlfkj dslfk dslfkj sdlfkj dslfkj dsklfj s', 'read', '1363203959'),
(459, 2, 1, 'skldfj sdlkfj sdlkfj lsdkfj ldskfj sdlfj sdlfj sldfj ', 'read', '1363203961'),
(460, 2, 1, 'sldkfj sdlf jsdlkfj sldfkj sdlfkj sdlf jsdlfkj dslkfj', 'read', '1363203964'),
(461, 2, 1, 'sdlfkj sdlkf jldsfkjldskfj ldskfj dslkfj ', 'read', '1363203965'),
(462, 2, 1, 'rasdfksdflkjsdflksdf sdfklsjdf lsdkfj sdlkfj sdlfj sdlfj sdlf jsdlfkj sdlfj sdlkfj sdlkfj dslfkj dsklfj sdklfj sldkfj sldkjf ldskfj ldskjf sldkfj ldskfj ldskjf sldkfj ldskfj sldkf jldskj fldskfj ', 'read', '1363203998'),
(463, 2, 1, 'lskdfjldskjfklsdfj ldskfj lsdkfj ldskf jldskfj lskdfj sldkfj ;aslj ;sadklfj ewipofj sdl;kfj sld; fj', 'read', '1363204002'),
(464, 2, 1, 'sdlfkjsdlkfjsdklfjsldj sdlkfj s;lafjewl fjwe;lfskj sdfl sdfl jsd;l fj', 'read', '1363204007'),
(465, 2, 1, 'sadlf jsaldfj ;as dfljwe j;fksds d;lfj pewijs;flda ad;lkfj ewpoai sj;dflkmlsd f;ljkdsmpfjsdp;jfli sad;lkjfm', 'read', '1363204012'),
(466, 2, 1, 'lsdkfj; sdlfji;ewoalsjda;lfk js;ldkf js;ladk fja;ewifs dljsad;lfj', 'read', '1363204014'),
(467, 1, 2, 'dskfjsdlkfj sdlkfj sd;fj ;asjf;asdkf jsdfj s;dlf jsa;df sa; fsa;df jsdlfkjsdl fsdlf; asd;lf jsad;lf s;dlfj s;dlfj s;dfj sd;flj ds;f jsd;flj s;ladfj s;dlfkj sdlf;j sd;flj sd;fl jsd;lfj sd;lfj sd;lk fj;ldkf js;ldfk js;ldkf js;ldk fj;sl js;l d', 'read', '1363204120'),
(468, 1, 2, 's;dlfj ;sdfj ;asdlfj ;slafj a;sfj a;sj a;j as;dlj fsd;lfj sd;lj fs;ad fj', 'read', '1363204124'),
(469, 2, 1, 'sldfjsldfj sdlfkjs dlf sdlj sdlfj sdlfj sdlfj sdlfj dslfj sdlf jsdlf jsdlf jsdlfj sdlkfj dslfj sdlfj ', 'read', '1363204129'),
(470, 2, 1, 'sldkfj sldfj sldf; jaslkd fjs;ldfkj s;ldkfj s;adfj ;asldk fj;aslk ;afj ', 'read', '1363204132'),
(471, 1, 2, 'sdfjsd;lafjsldfj sa;f sa;lf s;ldfk jsdlfk jsdlfj sd fs;dfl js;dlf js;df j;sdakl fjs;adklfj ds;akl fj', 'read', '1363204161'),
(472, 1, 2, 'sldkfj ;slkadfj s;lafj ;aslj sa;lfj s', 'read', '1363204163'),
(473, 1, 2, 'sdlkfj sd;fj as;ldfj ;asldfj ', 'read', '1363204164'),
(474, 2, 1, 'lkdsfj;laskdjf ;sldfj ;sldfj ;sldjf;asldj;asldfj s;ldfj s;dl fs;ldfs; d fs;dfsj d;lf jsd;lf jsd;lf sd;fl jsd;klfjsd;lfj as;dlfkj ', 'read', '1363204172'),
(475, 2, 1, 'sdklfj s;dlf j;sd fs; dfsd;f j;sdfj s;df jsd', 'read', '1363204179'),
(476, 2, 1, 'sldfj ;sdjfs;d f;sdf ;sdfj', 'read', '1363204180'),
(477, 2, 1, 'sdfjlsdfj;sadfjs;ldkfj;sdfj', 'read', '1363204182'),
(478, 2, 1, 'sdlkfjsdl;fjs;dlfj s;lfjs;lf jsd;lfj s;dklfj sd;lfkj s;lkdjfs;dlkjfs d;ls;dfl kj', 'read', '1363204198'),
(479, 1, 2, 'sldkfjsdlfjsdlfjsd;flkjs', 'read', '1363204205'),
(480, 2, 1, 'sdlfkjsdfl sdfjsd;fl sdf jsd;l jsd;f js;f js;df jsa;df jas;fl js;adfj sa;fj sa;ldfj sd;lfkj sd;lfkj asdklfj ', 'read', '1363204277'),
(481, 2, 1, 'alsd;jf ;sldfj ;sladfj ;adslfj s;ladfj', 'read', '1363204279'),
(482, 1, 2, 'lskdjflskdfj;sldfkjlsdkfj;sadkfj s;ldfkj s;ldfj ;alskfj;skldfj s;dlkfj ;slkdjf;sldkfj s; ldkj sd;lkjfs;dlkfjsd;l fjsd;lfk jsa;ldfk js;ldk fjsa;ld fj', 'read', '1363204285'),
(483, 1, 2, ';lsdjf s;dlfj sd;lfj ;sldfk jsa;ldfkj sa;dlf jsa;dlfkj asd;klfj s;adlkfj ', 'read', '1363204288'),
(484, 1, 2, 'lsdfkj;lsd f;asl fj;asl j;ls j;l sj;fj sd;fj sdf;j', 'read', '1363204310'),
(485, 1, 2, 'dsfkjs df;saj f;slfj ;sdfj', 'read', '1363204311'),
(486, 2, 1, 'lsdjfs;ldf slf s;ldfjsd;fjsd;lfjsd;lf as;dlfj as;dfj sa;dfj sa;f jas;f j;asfj ;sldj f;sldj f;sljf;lsdf j;slfj;slf j;slfj ;sldfjs;ladf j', 'read', '1363204322'),
(487, 2, 1, ';sladfj as;lf ;asldk fjs;dlafj ;slad fjs;adfj ', 'read', '1363204324'),
(488, 2, 1, 'l;asjdf sadf j;asdlfj s;dfj ;asdfj sd;lfj ', 'read', '1363204326'),
(489, 1, 4, 'radsd;lfsdfsksdlkfs sdlfkjsd fsdjfa', 'read', '1363204412'),
(490, 4, 1, 'kutta r bacha', 'read', '1363206717'),
(491, 2, 1, 'sdlfkjsd;lfkjs;adf s;dlf jsd;l fjsd;fl j', 'read', '1363206732'),
(492, 4, 1, 'lksjdflskjd; sdj f;sldj f', 'read', '1363206759'),
(493, 4, 1, 'skdfjsdlfk js;dfj sdlfkj dsf', 'read', '1363206797'),
(494, 4, 1, 'lsksdlkfj kutta r bacha', 'read', '1363206801'),
(495, 4, 1, 'slkdjfs sdfklsdjf sdsldkfj ', 'read', '1363206803'),
(496, 4, 1, 'kuttkkkiksdsklf', 'read', '1363206806'),
(497, 4, 1, 'sdfsdfsd fsdfsdfsd', 'read', '1363206909'),
(498, 4, 1, 'sd sdflskdfj sdflksjdf ;sldfj sd', 'read', '1363206911'),
(499, 2, 1, 'ghfjhgkjhgkyugkyr ctruytfruyt u6euy uytr \\', 'read', '1363207061'),
(500, 2, 1, 'randdom''s', 'read', '1363208388'),
(501, 2, 1, 'sdklfjsdklfj sdlfkj sdlj sdlkfj sdlkf sdfsdl fsd lfk sdlfk dsfkl j', 'read', '1363208422'),
(502, 4, 1, 'randomized sdf', 'read', '1363208441'),
(503, 4, 1, 'ssdfsdfs dfsdfd', 'read', '1363208458'),
(504, 4, 1, 'sdfsdfldskjfsld f', 'read', '1363208508'),
(505, 4, 1, 'sdlkfjsldfkjsdlkfjsdlfk dsjlfs dflksd fjlsdk fsldkfj ', 'read', '1363208524'),
(506, 4, 1, 'sdklfjdslkfjsdf sdlf sdlf sdlf sdlfk sdlfk sdlfk jds', 'read', '1363208622'),
(507, 4, 1, 'random', 'read', '1363210030'),
(508, 4, 1, 'bokchod', 'read', '1363210092'),
(509, 4, 1, 'random', 'read', '1363210104'),
(510, 4, 1, 'lksdfjkdjlsdkjf', 'read', '1363210110'),
(511, 1, 4, 'lksff sdlfkjd lsdkfj', 'read', '1363210120'),
(512, 1, 2, 'random', 'read', '1363210185'),
(513, 4, 1, 'random', 'read', '1363210828'),
(514, 4, 1, 'bokchod', 'read', '1363210837'),
(515, 4, 1, 'kutta', 'read', '1363210923'),
(516, 4, 1, 'random', 'read', '1363211005'),
(517, 4, 1, 'random', 'read', '1363211098'),
(518, 4, 1, 'random', 'read', '1363211196'),
(519, 4, 1, 'sadfsdfsd ', 'read', '1363211257'),
(520, 4, 1, 'random', 'read', '1363211318'),
(521, 4, 1, 'bokchod', 'read', '1363211557'),
(522, 4, 1, 'random', 'read', '1363211637'),
(523, 4, 1, 'bokchod', 'read', '1363211645'),
(524, 4, 1, 'sdlfksjdlfkj', 'read', '1363211694'),
(525, 4, 1, 'randomsdf', 'read', '1363211698'),
(526, 4, 1, 'testing for blinking', 'read', '1363211737'),
(527, 4, 1, 'random', 'read', '1363211818'),
(528, 4, 1, 'random', 'read', '1363211866'),
(529, 4, 1, 'random', 'read', '1363211874'),
(530, 4, 1, 'testing testing........', 'read', '1363211940'),
(531, 4, 1, 'testing testing', 'read', '1363211982'),
(532, 2, 1, ' testing again', 'read', '1363211993'),
(533, 2, 1, 'random', 'read', '1363211999'),
(534, 2, 1, 'randsom sdfsdfljdskfd', 'read', '1363212128'),
(535, 2, 1, 'random testing agagin', 'read', '1363212184'),
(536, 4, 1, 'bocksdfkjd ftestign', 'read', '1363212192'),
(537, 4, 1, 'random testing again', 'read', '1363212232'),
(538, 2, 1, 'aradsfsf sdfdsaal bal', 'read', '1363212239'),
(539, 2, 1, 'elskfjsldkfjsdlfkj', 'read', '1363212263'),
(540, 1, 2, 'ldsfkjsdlkfjdslkfjsdlfkjsdljk', 'read', '1363212350'),
(541, 4, 1, 'random', 'read', '1363213408'),
(542, 4, 1, 'dssdfsdf', 'read', '1363213435'),
(543, 4, 1, 'sdfdsfds', 'read', '1363213442'),
(544, 4, 1, 'sdfdsf', 'read', '1363213445'),
(545, 4, 1, 'sdfsdf', 'read', '1363213447'),
(546, 4, 1, 'sdfsdfds', 'read', '1363213448'),
(547, 4, 1, 'sd', 'read', '1363213448'),
(548, 4, 1, 'fsdf', 'read', '1363213448'),
(549, 4, 1, 'dsfsd', 'read', '1363213449'),
(550, 4, 1, 'fsdf', 'read', '1363213449'),
(551, 4, 1, 'sdfsdfsf', 'read', '1363213452'),
(552, 1, 4, 'sdfdsf', 'read', '1363213459'),
(553, 1, 4, 'sdfksdfkldsj', 'read', '1363213466'),
(554, 1, 4, 'sldkfsjd', 'read', '1363213475'),
(555, 1, 4, 'lkjlkj', 'read', '1363213479'),
(556, 4, 1, 'slkdfdjlkfjs', 'read', '1363213483'),
(557, 1, 4, 'sdlkfsdlfkj', 'read', '1363213487'),
(558, 1, 4, 'sdlfsdflskj', 'read', '1363213498'),
(559, 1, 4, 'sdlkfjsdlkfj', 'read', '1363213501'),
(560, 4, 1, 'lsdkfjsdlfkj', 'read', '1363213503'),
(561, 1, 4, 'sdlfksdlfkjdslfkj', 'read', '1363213506'),
(562, 1, 4, 'sdlkfjdslkfj', 'read', '1363213511'),
(563, 2, 1, 'sdklfjsdklfjdsklfj', 'read', '1363213520'),
(564, 2, 1, 'sdlkfjdslkfj sd', 'read', '1363213522'),
(565, 2, 1, 'fdsf', 'read', '1363213523'),
(566, 2, 1, 'lkjlkj', 'read', '1363213527'),
(567, 2, 1, 'lkjlkj', 'read', '1363213531'),
(568, 2, 1, 'l,l;;l,;l,', 'read', '1363213798'),
(569, 2, 1, 'llklklkl', 'read', '1363213806'),
(570, 2, 1, 'sdfdsfdsfdsfds', 'read', '1363213833'),
(571, 2, 1, 'lskdfldskjf', 'read', '1363213858'),
(572, 2, 1, 'sdffffieiesfs sdlfkdsjkds fsdfds', 'read', '1363213867'),
(573, 2, 1, 'sdkjfshdkjf ', 'read', '1363213869'),
(574, 2, 1, 'sdjfsdf', 'read', '1363213870'),
(575, 2, 1, 'sdfdsf', 'read', '1363213871'),
(576, 2, 1, 'sdf', 'read', '1363213871'),
(577, 2, 1, 'sdfsd', 'read', '1363213872'),
(578, 2, 1, 'fs', 'read', '1363213874'),
(579, 2, 1, 'sdfsdf', 'read', '1363213876'),
(580, 2, 1, ';lkl;k;l', 'read', '1363214127'),
(581, 2, 1, 'ldslkdsjfsdlkfj', 'read', '1363214152'),
(582, 2, 1, 'abc', 'read', '1363214242'),
(583, 2, 1, 'ddsfdsfsdfds', 'read', '1363214253'),
(584, 2, 1, 'sdfdsfsdf', 'read', '1363214259'),
(585, 1, 2, 'sfdklsjdlksjdf', 'read', '1363214641'),
(586, 1, 2, 'sdfds', 'read', '1363214645'),
(587, 2, 1, 'sldkfjdslkfj', 'read', '1363214649'),
(588, 1, 2, 'sdlkfsjdlfkjdslfkj', 'read', '1363214653'),
(589, 2, 1, 'sdfdsfds', 'read', '1363214658'),
(590, 3, 1, 'random', 'read', '1363214706'),
(591, 3, 1, 'sdfdsf', 'read', '1363214721'),
(592, 1, 3, 'sdlfksdlfkj', 'read', '1363214725'),
(593, 1, 3, 'sdlkfdsklfj', 'read', '1363214727'),
(594, 1, 2, 'sdfsdf', 'read', '1363214729'),
(595, 1, 3, 'rsldkfjdslkfj', 'read', '1363214734'),
(596, 1, 2, 'sdlkjfdslkfjds', 'read', '1363214737'),
(597, 3, 1, 'lsdkjfldskfjlskdjf', 'read', '1363214741'),
(598, 2, 1, 'dsfsdfsdf', 'read', '1363214746'),
(599, 2, 1, 'sdlkfdslkfj', 'read', '1363214749'),
(600, 2, 1, 'sdlkfjsdlkfj', 'read', '1363214751'),
(601, 2, 3, 'random', 'read', '1363214761'),
(602, 2, 3, 'dslfksdlfkjds', 'read', '1363214773'),
(603, 2, 1, 'sldkfjsdlfkjsdklfj', 'read', '1363214946'),
(604, 2, 1, 'lskjlkjlkj', 'read', '1363214961'),
(605, 2, 1, 'sldkfdslkfjdslfkj', 'read', '1363214972'),
(606, 2, 3, 'kjhkjhjk', 'read', '1363215105'),
(607, 2, 3, 'lksjlksdjlfkdsj', 'read', '1363215185'),
(608, 2, 1, 'lkjlkjlk', 'read', '1363215189'),
(609, 2, 1, ';lk;lkl;k', 'read', '1363215216'),
(610, 3, 1, 'random', 'read', '1363215254'),
(611, 3, 2, 'radnsdlf', 'read', '1363215257'),
(612, 2, 3, 'ssdflskdjflkj', 'read', '1363215263'),
(613, 2, 1, 'sldkfjsldkfjsdklfj', 'read', '1363215266'),
(614, 3, 2, 'sldkfjdslkfj', 'read', '1363215280'),
(615, 3, 1, 'sldkfjsdlkfdsjl', 'read', '1363215344'),
(616, 3, 2, 'sdfklsjdlkfj', 'read', '1363215350'),
(617, 3, 2, 'lkjlkjlk', 'read', '1363215364'),
(618, 2, 1, 'sdfsdf', 'read', '1363215370'),
(619, 2, 3, 'sdfdslfkj', 'read', '1363215374'),
(620, 1, 3, 'random', 'read', '1363215409'),
(621, 1, 3, 'sdfsdf', 'read', '1363215435'),
(622, 1, 2, 'sdfsdfdfs', 'read', '1363215444'),
(623, 1, 3, 'ssdfsdf', 'read', '1363215446'),
(624, 1, 3, 'sfsdfsdfsd', 'read', '1363215551'),
(625, 1, 2, ';lk;lk;lk;l', 'read', '1363215570'),
(626, 1, 2, 'sdfsfsdfsdfsd', 'read', '1363215621'),
(627, 1, 2, 'dffsfd', 'read', '1363215631'),
(628, 1, 2, 'sdfsdfds', 'read', '1363215637'),
(629, 1, 2, 'dgdfg', 'read', '1363215649'),
(630, 3, 1, 'sdfsdfds', 'read', '1363215661'),
(631, 1, 3, 'sdfdsfds', 'read', '1363215668'),
(632, 3, 1, 'sdfsdfsdf', 'read', '1363215743'),
(633, 1, 2, 'lsdkfjsldkfjsdlfkj', 'read', '1363215772'),
(634, 1, 2, 'lkjlkjl', 'read', '1363215828'),
(635, 1, 3, 'lskdjfsdlkfjsldkf', 'read', '1363215836'),
(636, 2, 1, 'dfsdfsdfsdfds', 'read', '1363215872'),
(637, 3, 1, 'sdfsdfsdf', 'read', '1363215880'),
(638, 1, 3, 'asasasdsa', 'read', '1363215895'),
(639, 3, 2, 'sdfsdfsdfds', 'read', '1363215909'),
(640, 3, 1, 'sdfsdfsdf', 'read', '1363215913'),
(641, 2, 1, 'kjlkjlkj', 'read', '1363215943'),
(642, 2, 3, 'sklkjlkj', 'read', '1363215945'),
(643, 1, 2, 'sdfsdfdsf', 'read', '1363216016'),
(644, 2, 3, 'sdfsdfsdfsdf sdfsdfdsfsd sdfdsf', 'read', '1363216043'),
(645, 2, 1, 'lkjsdlfkjdslkj', 'read', '1363216046'),
(646, 3, 1, 'dfsdf sdfsdfdsf', 'read', '1363216054'),
(647, 3, 2, 'sdfdsfsdf', 'read', '1363216057'),
(648, 2, 1, 'klsjdlfkjdskl', 'read', '1363216064'),
(649, 2, 3, 'dfsdfsd', 'read', '1363216072'),
(650, 1, 3, 'kjhkuivuyiygiyg', 'read', '1363216772'),
(651, 1, 2, 'lkjlkjlkj', 'read', '1363216822'),
(652, 1, 2, 'lkjlkjkl', 'read', '1363216830'),
(653, 1, 2, 'lkjlkj', 'read', '1363216831'),
(654, 1, 2, 'lkjlkjkj', 'read', '1363216837'),
(655, 1, 2, 'lkjlkj', 'read', '1363216837'),
(656, 1, 2, 'lkjlkjkjljlj lkjlkj;l ;l j ;k j; j', 'read', '1363216841'),
(657, 1, 2, 'lkjlkjkl', 'read', '1363216868'),
(658, 1, 3, 'kljlkjlkj', 'read', '1363216876'),
(659, 2, 3, 'kjlkjlkj', 'read', '1363216926'),
(660, 2, 3, 'nbmn,mn,mn', 'read', '1363216991'),
(661, 2, 1, 'sn,mn,mnnkjj', 'read', '1363217004'),
(662, 1, 3, 'lkjlkjhjlhhhk kjh lh ', 'read', '1363217035'),
(663, 1, 3, ' kjh lkh ', 'read', '1363217039'),
(664, 1, 3, 'jlklkj;''hgjhg', 'read', '1363217044'),
(665, 3, 2, 'lkjlkjlkj', 'read', '1363217193'),
(666, 3, 2, ',m.,m.,m,  ;'''''''' ', 'read', '1363217208'),
(667, 3, 2, 'ascascas', 'read', '1363217295'),
(668, 2, 1, 'zxczxczxc//'';l', 'read', '1363217331'),
(669, 2, 1, 'czxczxc', 'read', '1363217398'),
(670, 2, 1, 'cbcvbcvbcvb', 'read', '1363217450'),
(671, 2, 3, '.,m.,m.,m.,m/m /lm', 'read', '1363217490'),
(672, 2, 3, 'randim h fg jhgf yutf yutf', 'read', '1363217749'),
(673, 1, 3, 'sdsdfds', 'read', '1363217892'),
(674, 2, 3, ';lk;lk;l m;lk;lk', 'read', '1363217979'),
(675, 2, 1, 'k;k;lk;lkkk lk;', 'read', '1363217984'),
(676, 3, 2, 'lkjlkjjkl', 'read', '1363218076'),
(677, 3, 2, ';lk;lk;lk;lk', 'read', '1363218137'),
(678, 3, 1, 'kljlkjlkjklj', 'read', '1363218219'),
(679, 1, 3, '.m.,m', 'read', '1363234272'),
(680, 1, 2, '.,m,m;lmm', 'read', '1363234290'),
(681, 2, 1, 'random testing', 'read', '1363235977'),
(682, 1, 2, 'rwar test', 'read', '1363235997'),
(683, 1, 2, 'random', 'read', '1363236186'),
(684, 2, 1, 'lkjkl', 'read', '1363236191'),
(685, 2, 1, 'tadsfds', 'read', '1363236531'),
(686, 2, 1, 'lsdkfsdk', 'read', '1363236533'),
(687, 2, 1, 'sdfsdfsd', 'read', '1363236537'),
(688, 2, 1, 'slkdfjdsf dslfkjdsf', 'read', '1363236543'),
(689, 2, 1, 'm..,.m', 'read', '1363236577'),
(690, 2, 1, 'asdasdas', 'read', '1363236619'),
(691, 2, 1, 'sdfdsfds', 'read', '1363236687'),
(692, 2, 1, 'sddsf', 'read', '1363236691'),
(693, 2, 1, 'ljklhlkjh', 'read', '1363236788'),
(694, 2, 1, 'dfddddd', 'read', '1363236828'),
(695, 2, 1, 'sdfdsfds', 'read', '1363236832'),
(696, 2, 1, 'dfsdfdsf', 'read', '1363236845'),
(697, 2, 1, 'sdfsdfdsfdsfdsf', 'read', '1363236849'),
(698, 2, 1, '/,../,', 'read', '1363236927'),
(699, 2, 1, 'fdbfdb', 'read', '1363236971'),
(700, 2, 1, 'lkjlkj', 'read', '1363237080'),
(701, 2, 1, 'lkjlkj', 'read', '1363237088'),
(702, 2, 1, 'aslkdjasldkjasdk', 'read', '1363237095'),
(703, 2, 1, ',lj;lkjl;k', 'read', '1363237140'),
(704, 2, 1, ';lk;lk;lk', 'read', '1363237150'),
(705, 2, 1, ';lk;lk', 'read', '1363237154'),
(706, 2, 1, 'l,lk;k;kll', 'read', '1363237165'),
(707, 2, 1, 'k;lk;lk', 'read', '1363237166'),
(708, 2, 1, ';lk;lk', 'read', '1363237167'),
(709, 2, 1, ';lk;lk', 'read', '1363237168'),
(710, 2, 1, ';lk;lk', 'read', '1363237169'),
(711, 2, 1, ';lk;l', 'read', '1363237170'),
(712, 2, 1, ';lk;lk', 'read', '1363237172'),
(713, 2, 1, 'lk;lk', 'read', '1363237176'),
(714, 2, 1, ';lk;lk;lk;lkl;', 'read', '1363237180'),
(715, 1, 2, ';l;lk', 'read', '1363237187'),
(716, 1, 2, 'jlkjlkj', 'read', '1363237197'),
(717, 1, 2, 'jhkj', 'read', '1363237205'),
(718, 1, 2, 'jhgjhg', 'read', '1363237214'),
(719, 1, 2, 'jgfjhklh', 'read', '1363237219'),
(720, 1, 2, 'dfgdfgf', 'read', '1363237612'),
(721, 2, 1, 'dfgdfgdfg', 'read', '1363237618'),
(722, 2, 1, 'cvbcvbcv', 'read', '1363237623'),
(723, 1, 2, 'vbghgfjgf ugfhgf', 'read', '1363237655'),
(724, 2, 1, 'vbcvbcbc cvbvbc cbvbcv bc vvvb ', 'read', '1363237665'),
(725, 2, 1, 'lkmlkmkl', 'read', '1363239843'),
(726, 2, 1, 'hjvghjgv', 'read', '1363239876'),
(727, 1, 2, 'sdfsdf', 'read', '1363240021'),
(728, 1, 2, 'sdfsdfsd', 'read', '1363240026'),
(729, 1, 2, 'sdfdsf', 'read', '1363240029'),
(730, 1, 2, 'sdfsdf', 'read', '1363240032'),
(731, 1, 2, 'sdfsdf sdff', 'read', '1363240037'),
(732, 2, 1, 'sdfdsf', 'read', '1363240042'),
(733, 2, 1, 'sdfdf', 'read', '1363240045'),
(734, 2, 1, 'sdfsdff sdfsdf', 'read', '1363240071'),
(735, 1, 2, 'sdfsdf', 'read', '1363240076'),
(736, 1, 2, 'sdfds', 'read', '1363240079'),
(737, 1, 2, 'sdfs sdfdfsdf', 'read', '1363240083'),
(738, 2, 1, 'sdfsdfs', 'read', '1363240111'),
(739, 2, 1, 'sdfsdf', 'read', '1363240115'),
(740, 2, 1, 'sdfsd sdf', 'read', '1363240119'),
(741, 2, 1, 'sdfdsf', 'read', '1363240123'),
(742, 2, 1, 'sdfsdfds', 'read', '1363240127'),
(743, 2, 1, 'random testing', 'read', '1363240131'),
(744, 2, 1, 'random testing', 'read', '1363240137'),
(745, 2, 1, 'test test', 'read', '1363240142'),
(746, 2, 1, 'sdfklsdfjds sdlkfjds fkldsjfsdl', 'read', '1363240145'),
(747, 2, 1, 'ffdgdfg', 'read', '1363240171'),
(748, 2, 1, 'gfghgfh fghgfh', 'read', '1363240213'),
(749, 2, 1, 'gfd ert  dtgf', 'read', '1363240219'),
(750, 2, 1, 'dfsdfsdfsdfsdf', 'read', '1363240259'),
(751, 2, 1, 'dfgdfgdfgdfg', 'read', '1363244537'),
(752, 2, 1, 'gfhgfgfhfh fhfghf', 'read', '1363244542'),
(753, 2, 1, 'dfdsfds sdfdfs sd fs fsdf\\', 'read', '1363244546'),
(754, 2, 1, 'fdgdfg dfdfg dfg df', 'read', '1363244557'),
(755, 2, 1, 'dgdfg dfg dfg dfg', 'read', '1363244566'),
(756, 2, 1, 'ygugyugyu', 'read', '1363244598'),
(757, 2, 1, 'hgjkgg hgh g k', 'read', '1363244602'),
(758, 2, 1, 'testing', 'read', '1363244606'),
(759, 2, 1, 'uukkk jh kj j', 'read', '1363244636'),
(760, 2, 1, 'hgkhl', 'read', '1363244895'),
(761, 2, 1, 'kgkjhkjh', 'read', '1363245676'),
(762, 2, 1, 'dsfdsfds', 'read', '1363245742'),
(763, 2, 1, 'sdfksdlkfj sdklfjds', 'read', '1363245746'),
(764, 2, 1, 'lkjlkjaf  dslf jdslkf sldkjf', 'read', '1363245749'),
(765, 1, 2, 'lskdjfsdkljf sldkfjds', 'read', '1363245758'),
(766, 1, 2, 'gfhfhh fgh', 'read', '1363245763'),
(767, 2, 1, 'sdf kukur', 'read', '1363245770'),
(768, 2, 1, 'lpl', 'read', '1363245797'),
(769, 2, 1, 'fgdf fdg df', 'read', '1363245844'),
(770, 1, 2, 'vcvb bvcbd fd fdfg dfg', 'read', '1363245858'),
(771, 1, 2, 'fg fg dfg dfg df', 'read', '1363245881'),
(772, 1, 2, 'dgf fdgd fg', 'read', '1363246486'),
(773, 1, 2, 'sdfsdf sdlkf', 'read', '1363246490'),
(774, 1, 2, 'random random random', 'read', '1363246497'),
(775, 1, 2, 'random random random', 'read', '1363246501'),
(776, 1, 2, 'random random random', 'read', '1363246504'),
(777, 1, 2, 'random random random', 'read', '1363246507'),
(778, 2, 1, 'bokchod chele', 'read', '1363246515'),
(779, 1, 2, 'random random', 'read', '1363246519'),
(780, 2, 1, 'bocklsdkjfsd lksd ', 'read', '1363246523'),
(781, 2, 1, 'lkjl ', 'read', '1363246525'),
(782, 1, 2, 'sdlkfjsdklfj', 'read', '1363246527'),
(783, 2, 1, 'lkjlksjdflksjd', 'read', '1363246528'),
(784, 1, 2, 'bokchod chele', 'read', '1363246534'),
(785, 2, 1, 'lskdfjs dsdlfkjs dlsdkfj ', 'read', '1363246538'),
(786, 1, 2, 'sdlfksdlfkj ', 'read', '1363246540'),
(787, 2, 1, 'llkdkd dkdkd dkdkdd dkdkd', 'read', '1363246546'),
(788, 2, 1, 'randomized', 'read', '1363246550'),
(789, 1, 2, 'bokchod random', 'read', '1363246555'),
(790, 2, 1, 'randomized', 'read', '1363246579'),
(791, 2, 1, 'random random random', 'read', '1363246583'),
(792, 2, 1, 'random', 'read', '1363246599'),
(793, 2, 1, 'random', 'read', '1363246619'),
(794, 1, 2, 'lkdjflkj', 'read', '1363246627'),
(795, 2, 1, 'sdfdsf sdffds', 'read', '1363246632'),
(796, 2, 1, ';lkh jjk h :P', 'read', '1363246718'),
(797, 2, 1, 'sadasdsadas ', 'read', '1363247541'),
(798, 1, 2, 'gggghh  hjgh', 'read', '1363247594'),
(799, 2, 1, ';lk;lk;', 'read', '1363249625'),
(800, 1, 2, 'hjhkjhkj', 'read', '1363249867'),
(801, 2, 1, 'hjhkjhk bkjhiuh ui i', 'read', '1363249873'),
(802, 2, 1, 'kjhkj  kjh khj ', 'read', '1363250541'),
(803, 2, 1, 'j  gf hgfhj gjhg k ', 'read', '1363250550'),
(804, 1, 2, ';l;l;l ;l,l', 'read', '1363250559'),
(805, 2, 1, 'sdklfjsdf dsfk dsf dslkf dsl f', 'read', '1363250654'),
(806, 1, 2, 'lskdfj dsfsdlfkj dsflk', 'read', '1363250660'),
(807, 1, 2, 'lskdfs sdlfkjds fldskj f', 'read', '1363250663'),
(808, 2, 1, 'lskjsldfkj ldskf jsdlfj ', 'read', '1363250668'),
(809, 1, 2, 'slkdfsdlfkj dsfk sdflk j', 'read', '1363250671'),
(810, 2, 1, 'sdlfksdlfkdsjf sldkfj sdk f', 'read', '1363250674'),
(811, 2, 1, 'lk lk ', 'read', '1363250679'),
(812, 1, 2, ';lk ;l ;lk j', 'read', '1363250684'),
(813, 2, 1, 'm  ., .', 'read', '1363250697'),
(814, 2, 1, 'hg hkj hj h', 'read', '1363250701'),
(815, 2, 1, 'hg kjh  h', 'read', '1363251498'),
(816, 1, 2, 'jkh jh jh k', 'read', '1363251737'),
(817, 2, 1, 'ghf gf jgh fj ', 'read', '1363251746'),
(818, 1, 2, 'h kjh klh l gl l l l kuj y ikj ', 'read', '1363251754'),
(819, 2, 1, 'jg hjgyu gigu', 'read', '1363251759'),
(820, 2, 1, ',jkl jljk ', 'read', '1363251779'),
(821, 1, 2, ' kklh kjh kj l l', 'read', '1363251791'),
(822, 2, 1, 'l,lp,p,', 'read', '1363260167'),
(823, 1, 2, 'random', 'read', '1363261153'),
(824, 1, 2, 'sdfds', 'read', '1363261158'),
(825, 1, 2, 'sd;lfkds;flk ', 'read', '1363261159'),
(826, 2, 1, 'd;fdsflkds;flk sdf sd', 'read', '1363261165'),
(827, 1, 2, 'sldfkdslfj sdf', 'read', '1363261169'),
(828, 1, 2, 'sdf dsfdsf dsfd ', 'read', '1363261172'),
(829, 1, 2, 'lds;fksdlf; sdlfk ds;fsd', 'read', '1363261178'),
(830, 1, 2, 'sdfkdsfs dslfk dslfkj', 'read', '1363261183'),
(831, 1, 2, 'sfdsf', 'read', '1363261186'),
(832, 1, 2, 'lkjfds', 'read', '1363261190'),
(833, 1, 2, 'abc', 'read', '1363261193'),
(834, 1, 2, 'alkdsjfds', 'read', '1363261194'),
(835, 1, 2, 'sdf', 'read', '1363261194'),
(836, 1, 2, 'dsfds', 'read', '1363261194'),
(837, 1, 2, 'fdsf', 'read', '1363261195'),
(838, 1, 2, 'sdf', 'read', '1363261195'),
(839, 1, 2, 'sdfkldsjflsd', 'read', '1363261198'),
(840, 1, 2, 'sdfsdf', 'read', '1363261200'),
(841, 1, 2, 'dsf', 'read', '1363261203'),
(842, 1, 2, 'jh kjh ', 'read', '1363261241'),
(843, 2, 1, 'y6hyuhyjunjynjj', 'read', '1363262436'),
(844, 2, 1, 'htnuthyt6htnjut', 'read', '1363262440'),
(845, 2, 1, 'fgdfg fg fdg d', 'read', '1363264234'),
(846, 1, 2, 'kjh kjh \\', 'read', '1363265869'),
(847, 2, 1, 'ng fvbbng', 'read', '1363266161'),
(848, 2, 1, 'vbnv', 'read', '1363266165'),
(849, 2, 1, 'vbnbvnbn', 'read', '1363266168'),
(850, 2, 1, 'sdfdsfsdfsdfds', 'read', '1363272640'),
(851, 1, 2, 'lskdjfsf ', 'read', '1363272756'),
(852, 1, 2, 'sdlkfjds lsk sdfdsf', 'read', '1363272758'),
(853, 1, 2, 'lkj l lk jklsdfjklsdfj sdklf ', 'read', '1363272762'),
(854, 2, 1, 'sdfdsfds', 'read', '1363272906'),
(855, 1, 2, 'jh lj h', 'read', '1363272973'),
(856, 1, 2, 'k;l  k;l kl; ', 'read', '1363272989'),
(857, 2, 1, 'jklsfl sdfkj s', 'read', '1363284735'),
(858, 1, 2, 'sdfsdfds', 'read', '1363284828'),
(859, 1, 2, 'sdfsdf', 'read', '1363285010'),
(860, 2, 1, 'kutta re', 'read', '1363285016'),
(861, 1, 2, 'harami', 'read', '1363285020'),
(862, 2, 1, 'lskdfsldkfj sdlkfj ds', 'read', '1363285175'),
(863, 2, 1, 'sdfsdf', 'read', '1363285223'),
(864, 2, 1, 'sdfsdfsdfs', 'read', '1363285246'),
(865, 2, 1, 'sdfjdsklfjsd lsdkfj ', 'read', '1363285310'),
(866, 1, 2, 'random', 'read', '1363285461'),
(867, 2, 1, 'lkjlkj ; j', 'read', '1363285482'),
(868, 2, 1, 'lklkj lksjd fsldk f', 'read', '1363285494'),
(869, 2, 1, 'lkjsldkfjdsklf sdlkfj s', 'read', '1363285506'),
(870, 1, 2, 'random', 'read', '1363285541'),
(871, 2, 1, 'sdlkfsdklfj ', 'read', '1363285547'),
(872, 2, 1, ';lk;lk ;l ;l k;l ', 'read', '1363285553'),
(873, 1, 2, 'random verb', 'read', '1363285560'),
(874, 1, 2, 'sdfsdf', 'read', '1363286002'),
(875, 1, 2, 'sdfsdf sdfs dfdsf', 'read', '1363286131'),
(876, 2, 1, 'lkjsflksdj fsdlkfj dslfk dsfldsk jfdsj', 'read', '1363286139'),
(877, 2, 1, 'ami ke?', 'read', '1363286204'),
(878, 1, 2, 'kutta r bacha', 'read', '1363286312'),
(879, 1, 2, 'random', 'read', '1363286315'),
(880, 2, 1, 'harami', 'read', '1363286319'),
(881, 2, 1, 'bokachod', 'read', '1363286321'),
(882, 2, 1, 'khanki r chele', 'read', '1363286423'),
(883, 1, 2, 'bokchoda', 'read', '1363286430'),
(884, 1, 2, 'harami', 'read', '1363286446'),
(885, 1, 2, 'kukur', 'read', '1363286616'),
(886, 1, 2, 'harami r bacha', 'read', '1363286673'),
(887, 2, 1, 'bokchod', 'read', '1363286766'),
(888, 1, 2, 'random', 'read', '1363287776'),
(889, 2, 1, 'bokchod123''123', 'read', '1363289507'),
(890, 2, 1, 'random123', 'read', '1363289588'),
(891, 2, 1, 'uj sdfsdfjk ', 'read', '1363289772'),
(892, 1, 2, 'gkj jh  g', 'read', '1363290179'),
(893, 2, 1, 'hg jhk hlk h', 'read', '1363290186'),
(894, 2, 1, 'kjh kjh k', 'read', '1363290225'),
(895, 2, 1, 'random balbichi', 'read', '1363290239'),
(896, 1, 2, 'g kjg g', 'read', '1363290260'),
(897, 1, 2, 'ygugtymtgyg', 'read', '1363290292'),
(898, 1, 2, 'ig iu iu iuou o yo yoiu you yioyio yio yu', 'read', '1363290300'),
(899, 1, 2, 'df fs df dfdxfxcvcx dfgdf gf', 'read', '1363290306'),
(900, 2, 1, 'fgbf gfh fg', 'read', '1363291596'),
(901, 2, 1, 'iu ou ', 'read', '1363316225'),
(902, 2, 1, 'klmlkm lkm', 'read', '1363316236'),
(903, 1, 2, 'lkmlmklm', 'read', '1363316265'),
(904, 2, 1, 'm,,m.mkl   lk lk', 'read', '1363316291'),
(905, 1, 2, 'kmll lk lkjklm', 'read', '1363316314'),
(906, 2, 1, 'lmlkm lkmlkm lmlkm', 'read', '1363316322'),
(907, 1, 2, 'lkmlkm', 'read', '1363316332'),
(908, 2, 1, ';,;lk;lk', 'read', '1363316339'),
(909, 2, 1, ';lkm;,m ;lkm;l,m;l   ;;;lk;lk', 'read', '1363316349'),
(910, 2, 1, 'jh kh kh l ou kj ', 'read', '1363316963'),
(911, 2, 1, 'hj k h', 'read', '1363319119'),
(912, 1, 2, 'jlkk ', 'read', '1363319123'),
(913, 1, 2, ',n lkjlkl lklkj', 'read', '1363319204'),
(914, 2, 1, 'lkjlk jsdklfj ', 'read', '1363319931'),
(915, 3, 1, 'random', 'read', '1363323875'),
(916, 1, 3, 'bokchod', 'read', '1363323879'),
(917, 3, 1, '123', 'read', '1363323995'),
(918, 3, 1, '56', 'read', '1363324107'),
(919, 3, 1, 'sfsdf', 'read', '1363324168'),
(920, 1, 3, 'bokchod', 'read', '1363324230'),
(921, 3, 1, 'gandu', 'read', '1363324236'),
(922, 3, 1, 'random', 'read', '1363324255'),
(923, 3, 1, 'sdlkfjsldk', 'read', '1363324372'),
(924, 3, 1, '12345', 'read', '1363324406');
INSERT INTO `cheersu_chat` (`chat_id`, `chat_user_from`, `chat_user_to`, `chat_message`, `chat_status`, `chat_time`) VALUES
(925, 3, 1, '234', 'read', '1363324447'),
(926, 3, 1, '567', 'read', '1363324626'),
(927, 1, 3, 'sdfsdf', 'read', '1363324699'),
(928, 3, 1, '1234', 'read', '1363324711'),
(929, 1, 3, 'fdgfdg dg f', 'read', '1363327503'),
(930, 1, 3, 'm ', 'read', '1363349866'),
(931, 1, 3, 'bv cv', 'read', '1363349898'),
(932, 1, 3, 'ijim noinm', 'read', '1363354565'),
(933, 3, 1, ',m m ,m lk l lk', 'read', '1363354573'),
(934, 1, 3, 'lkk l kmlkm lmlkmlkm kl ', 'read', '1363354580'),
(935, 1, 3, 'yuyuyuuy', 'read', '1363354604'),
(936, 1, 3, 'arsdf sdfds', 'read', '1363355810'),
(937, 3, 1, 'dfdsfs', 'read', '1363355949'),
(938, 1, 3, 'sdfsd', 'read', '1363355955'),
(939, 1, 3, 'ffgdfg', 'read', '1363356202'),
(940, 3, 1, 'sfsdfd', 'read', '1363356221'),
(941, 1, 3, 'sdfsdf', 'read', '1363356224'),
(942, 1, 3, 'sdfsdf', 'read', '1363356242'),
(943, 3, 1, 'dsfsdf', 'read', '1363356244'),
(944, 1, 3, 'sdfds', 'read', '1363356247'),
(945, 3, 1, 'sdfsdf', 'read', '1363356249'),
(946, 1, 3, 'fdssdfsdfsdf', 'read', '1363356254'),
(947, 3, 1, 'sdf sdfsdf sdf', 'read', '1363356259'),
(948, 1, 3, 'random testig', 'read', '1363356567'),
(949, 1, 3, 'jlnljnljn ', 'read', '1363373742'),
(950, 1, 3, 'esrberewt', 'read', '1363373792'),
(951, 1, 3, 'jjhgiy ti', 'read', '1363373817'),
(952, 1, 3, 'dfsdfdsf', 'read', '1363373946'),
(953, 1, 3, 'hgk hk lh l', 'read', '1363378432'),
(954, 3, 1, 'jh kljh    ', 'read', '1363378469'),
(955, 1, 3, 'kjk lh l j', 'read', '1363378478'),
(956, 1, 3, 'khg kgk h', 'read', '1363378530'),
(957, 1, 3, ';km k;l j;k', 'read', '1363378570'),
(958, 3, 1, 'ghhh kjh ', 'read', '1363378585'),
(959, 1, 3, 'lmlm lk ', 'read', '1363379410'),
(960, 3, 1, 'm,  lk', 'read', '1363379416'),
(961, 1, 3, ';l,;l ;l ;l ', 'read', '1363379523'),
(962, 3, 1, 'm.;km;', 'read', '1363380431'),
(963, 3, 1, 'kjl lkj', 'read', '1363381183'),
(964, 3, 1, 'kjh kjlkjlkj ', 'read', '1363381209'),
(965, 3, 1, 'ghngvvb   ', 'read', '1363381537'),
(966, 3, 1, 'kkkkkkkjlkj lkk lllkk', 'read', '1363381933'),
(967, 3, 1, 'mklmk  lk lkll', 'read', '1363382061'),
(968, 1, 3, 'kj ;kl l;k  ;;;;', 'read', '1363412676'),
(969, 1, 3, 'kj lk j; j', 'read', '1363413113'),
(970, 3, 1, 'ffffd g r ', 'read', '1363413289'),
(971, 3, 1, 'h kjh ', 'read', '1363413341'),
(972, 1, 3, 'l;l; l; ;l ;l  l; ;;l;l; ;l', 'read', '1363414667'),
(973, 1, 3, 'ky guyg i', 'read', '1363419913'),
(974, 1, 3, 'dg df', 'read', '1363440431'),
(975, 3, 1, ',. ; ', 'read', '1363442109'),
(976, 3, 1, '''''''', 'read', '1363442113'),
(977, 1, 3, 'abc'';;;', 'read', '1363442179'),
(978, 3, 1, ' jk;l ; k; ;', 'read', '1363451584'),
(979, 1, 3, 'b  lkh', 'read', '1363451590'),
(980, 3, 1, 'randomized', 'read', '1363452047'),
(981, 3, 1, 'jhg kjg ', 'read', '1363455850'),
(982, 4, 1, 'random', 'read', '1363462170'),
(983, 1, 4, 'bokchod', 'read', '1363462174'),
(984, 3, 1, 'random', 'read', '1363462225'),
(985, 1, 3, 'sdfds', 'read', '1363462244'),
(986, 1, 4, 'random', 'read', '1363462348'),
(987, 1, 3, 'sdfsdf', 'read', '1363462381'),
(988, 3, 1, 'kl l ', 'read', '1363465230'),
(989, 3, 1, 'lj kj ;', 'read', '1363465326'),
(990, 3, 1, 'bokchod', 'read', '1363467951'),
(991, 3, 1, 'random', 'read', '1363467965'),
(992, 3, 1, 'gandu', 'read', '1363467969'),
(993, 3, 1, 'gobor', 'read', '1363467975'),
(994, 1, 3, 'randomized', 'read', '1363467982'),
(995, 3, 1, 'randomtesting', 'read', '1363495495'),
(996, 1, 3, 'chat history testing', 'read', '1363495540'),
(997, 1, 3, 'random', 'read', '1363495579'),
(998, 1, 3, 'saelrkjslj', 'read', '1363495580'),
(999, 1, 3, 'slkjfsdlkjf', 'read', '1363495581'),
(1000, 1, 3, 'dsfklsjdflkjds', 'read', '1363495581'),
(1001, 1, 3, 'sdfsdlkfjs dlfkjds;fj sd', 'read', '1363495582'),
(1002, 1, 3, 'fsdflskdjf;dsjfs', 'read', '1363495583'),
(1003, 1, 3, 'dfdskfsd', 'read', '1363495584'),
(1004, 1, 3, 'fsdf', 'read', '1363495584'),
(1005, 1, 3, 'dsf', 'read', '1363495584'),
(1006, 1, 3, 'sdfs', 'read', '1363495584'),
(1007, 1, 3, 'dfsd', 'read', '1363495584'),
(1008, 1, 3, 'fds', 'read', '1363495585'),
(1009, 1, 3, 'fds', 'read', '1363495585'),
(1010, 1, 3, 'f', 'read', '1363495587'),
(1011, 1, 3, 'rlkjrejr', 'read', '1363495613'),
(1012, 1, 3, 'lwekrjlewkjr', 'read', '1363495615'),
(1013, 1, 3, 'lkdsfjlskjf', 'read', '1363495615'),
(1014, 1, 3, 'lsdkjfsldjf', 'read', '1363495616'),
(1015, 1, 3, 'sdlfkjslfkj sdlfkj sdklfj ', 'read', '1363495623'),
(1016, 1, 3, 'sldkjfdsl k fj', 'read', '1363495624'),
(1017, 1, 3, 'sdklfjdslkf ', 'read', '1363495624'),
(1018, 1, 3, 'sldfkj sdlkfj ', 'read', '1363495625'),
(1019, 1, 3, 'sdlkfj sdlk fj', 'read', '1363495626'),
(1020, 1, 3, 'sdklfj dslfj ', 'read', '1363495627'),
(1021, 1, 3, 'randomized', 'read', '1363495657'),
(1022, 1, 3, 'bokchod', 'read', '1363495660'),
(1023, 1, 3, 'random', 'read', '1363495662'),
(1024, 1, 3, 'bokchod', 'read', '1363495665'),
(1025, 1, 3, 'server time', 'read', '1363495676'),
(1026, 1, 3, 'server timing', 'read', '1363495680'),
(1027, 1, 3, 'random', 'read', '1363495683'),
(1028, 1, 3, 'random', 'read', '1363495690'),
(1029, 1, 3, 'lkjdsklfjds', 'read', '1363495692'),
(1030, 1, 3, 'lskjfdslkjf', 'read', '1363495695'),
(1031, 1, 3, 'randomized', 'read', '1363495720'),
(1032, 3, 1, 'testing notification sounds', 'read', '1363499800'),
(1033, 3, 1, 'checking', 'read', '1363499812'),
(1034, 4, 3, 'ranomized testing for notification sounds', 'read', '1363499835'),
(1035, 4, 3, 'random testing again for notification sound', 'read', '1363499862'),
(1036, 4, 3, 'random testing 3rd time', 'read', '1363499879'),
(1037, 3, 1, 'randomized', 'read', '1363500110'),
(1038, 1, 3, 'bokchod', 'read', '1363500120'),
(1039, 3, 1, 'random', 'read', '1363500127'),
(1040, 1, 3, 'bokchod', 'read', '1363500130'),
(1041, 1, 3, 'random', 'read', '1363500142'),
(1042, 1, 3, 'random', 'read', '1363506326'),
(1043, 1, 3, 'randomized testing', 'read', '1363506357'),
(1044, 4, 1, 'sdfdsf', 'read', '1363507455'),
(1045, 1, 3, 'cher', 'read', '1363879450'),
(1046, 3, 1, 'bhulbhal', 'read', '1363879462'),
(1047, 3, 1, 'bokchod', 'read', '1363879472'),
(1048, 1, 3, 'jhlli', 'read', '1364283763'),
(1049, 1, 3, 'sdfffffffffdfffffffffffffffffffffffffffffffffffffffffffffffffffffffffffffffffffffffffffffffffffffffffffffffffff sdfsdfdsfsdfsd', 'read', '1364283782'),
(1050, 1, 3, 'random', 'read', '1364305698'),
(1051, 3, 1, 'ssdsdf', 'read', '1364305713'),
(1052, 3, 1, 'random', 'read', '1364884094'),
(1053, 1, 3, 'hello', 'read', '1367358114'),
(1054, 3, 1, 'kutta r bacha', 'read', '1367358163'),
(1055, 1, 3, 'random', 'read', '1367358274'),
(1056, 1, 3, 'jhkjh', 'read', '1367358442'),
(1057, 3, 1, 'bokchod', 'read', '1367358525'),
(1058, 3, 1, 'random', 'read', '1367358656'),
(1059, 3, 1, 'bokchod', 'read', '1367358697'),
(1060, 3, 1, 'radom', 'read', '1367358716'),
(1061, 1, 3, 'lklk', 'read', '1367358753'),
(1062, 3, 1, 'random', 'read', '1367393112'),
(1063, 1, 3, 'bokchod', 'read', '1367393126'),
(1064, 1, 3, 'random', 'read', '1367393141'),
(1065, 3, 1, 'ramd', 'read', '1367393145'),
(1066, 3, 1, 'random', 'read', '1367393159'),
(1067, 3, 1, 'random', 'read', '1367394358'),
(1068, 3, 1, 'random', 'read', '1367399441'),
(1069, 3, 1, 'random', 'read', '1367399616'),
(1070, 1, 3, 'bokchod', 'read', '1367399744'),
(1071, 1, 3, 'hello', 'read', '1367515268'),
(1072, 3, 1, 'random', 'read', '1367515277'),
(1073, 1, 3, 'sdkfjsdlfkj sldkfj sdlfj sdlfj sdlfj dslf jsdlf jsdlf jsdlfj sdlfj dslfj dslfkj dslfj dslfj dslf sdlfk sdlfk jsdlfkj dslfkj dslf kj', 'read', '1367515541'),
(1074, 1, 3, 'what''s up guys, what are you doing hello buddy hello hello heelll', 'read', '1367516378'),
(1075, 3, 1, 'gobor', 'read', '1367516710'),
(1076, 3, 1, 'hello', 'read', '1367516745'),
(1077, 3, 1, 'jhgjhg', 'read', '1367516757'),
(1078, 1, 3, 'hgh', 'read', '1367516766'),
(1079, 3, 1, 'jhkjh', 'read', '1367516787'),
(1080, 3, 1, 'jgfjkjgh', 'read', '1367516808'),
(1081, 3, 1, 'khgkjh', 'read', '1367516820'),
(1082, 1, 3, 'hello', 'read', '1367518764'),
(1083, 3, 1, 'random', 'read', '1367518777'),
(1084, 3, 1, 'randomized value', 'read', '1367518786'),
(1085, 3, 1, 'random value', 'read', '1367518913'),
(1086, 3, 1, 'bokchod', 'read', '1367518919'),
(1087, 1, 3, 'hello', 'read', '1367518967'),
(1088, 1, 3, 'random', 'read', '1367519034'),
(1089, 3, 1, 'bokchod', 'read', '1367519040'),
(1090, 1, 3, 'hello', 'read', '1367519122'),
(1091, 1, 3, 'hello', 'read', '1367519171'),
(1092, 1, 3, 'hello', 'read', '1367519210'),
(1093, 1, 3, 'hello', 'read', '1367519251'),
(1094, 1, 3, 'random', 'read', '1367519289'),
(1095, 3, 1, 'hello bokchods', 'read', '1367527988'),
(1096, 1, 3, 'sdfffffffffdfffffffffffffffffffffffffffffffffffffffffffffffffffffffffffffffffffffffffffffffffffffffffffffffffff sdfsdfdsfsdfsd', 'read', '1367527996'),
(1097, 1, 3, 'bokchod', 'read', '1367528822'),
(1098, 3, 1, 'hello', 'read', '1367529400'),
(1099, 1, 3, 'helo', 'read', '1367529409'),
(1100, 1, 3, 'hello', 'read', '1367533366'),
(1101, 1, 3, 'random', 'read', '1367561211'),
(1102, 1, 2, 'random\n', 'read', '1367604145'),
(1103, 1, 2, 'bokchod\n', 'read', '1367604172'),
(1104, 1, 2, 'random\n', 'read', '1367604281'),
(1105, 1, 2, 'bokchodisdffffffffffffffffffffffffffffffffffffffffffffffffffffffffffffffffffffffffffffffffffffffffffffffffffffffffffffffffffffff\n', 'read', '1367604288'),
(1106, 2, 1, 'harami r bach\n', 'read', '1367604333'),
(1107, 1, 3, 'rajlsdfjsldfjsdlkfj sdflkj sdf sldf jlsdf sldkf sldf lk lkjskdfljfdslkl lksjd fsdlfkds fsdklfj sdlfkj sdf\n', 'read', '1367620057'),
(1108, 1, 4, 'hello\n', 'read', '1367655098'),
(1109, 4, 1, 'randomly kamon achis kamon cholche\n', 'read', '1367655115'),
(1110, 1, 4, 'bokchod random\n', 'read', '1367655128'),
(1111, 3, 1, '\n', 'read', '1367763740'),
(1112, 1, 3, '\n', 'read', '1367764095'),
(1113, 1, 3, '\n', 'read', '1367764095'),
(1114, 1, 3, '\n', 'read', '1367764096'),
(1115, 1, 3, '\n', 'read', '1367764127'),
(1116, 1, 3, 'abc\n', 'read', '1367764132'),
(1117, 1, 3, '\n', 'read', '1367764135'),
(1118, 1, 3, '\n', 'read', '1367764136'),
(1119, 1, 3, '\n', 'read', '1367764136'),
(1120, 1, 3, '\n', 'read', '1367764136'),
(1121, 1, 3, '\n', 'read', '1367764136'),
(1122, 1, 3, '\n', 'read', '1367764169'),
(1123, 1, 3, 'sdfdsfs\n', 'read', '1367764172'),
(1124, 1, 3, '\n', 'read', '1367764172'),
(1125, 1, 3, '\n', 'read', '1367764172'),
(1126, 1, 3, 'random\n', 'read', '1367764202'),
(1127, 1, 3, '\n', 'read', '1367764202'),
(1128, 1, 3, '\n', 'read', '1367764203'),
(1129, 1, 3, 'sdf\n', 'read', '1367764216'),
(1130, 1, 3, '\n', 'read', '1367764217'),
(1131, 1, 3, '\n', 'read', '1367764218'),
(1132, 1, 3, '\n', 'read', '1367764219'),
(1133, 1, 3, '\n', 'read', '1367764378'),
(1134, 1, 3, 'abc\n', 'read', '1367764387'),
(1135, 1, 3, '\n', 'read', '1367764389'),
(1136, 1, 3, '\n', 'read', '1367764426'),
(1137, 1, 3, 'a\n', 'read', '1367764440'),
(1138, 1, 3, '\n', 'read', '1367764445'),
(1139, 1, 3, '\n', 'read', '1367764445'),
(1140, 1, 3, '\n', 'read', '1367764459'),
(1141, 1, 3, 'abc\n', 'read', '1367764460'),
(1142, 1, 3, '\n\n', 'read', '1367764477'),
(1143, 1, 3, '\n\n', 'read', '1367764478'),
(1144, 1, 3, '\n\n', 'read', '1367764484'),
(1145, 1, 3, 'abc', 'read', '1367764629'),
(1146, 1, 3, 'a', 'read', '1367764634'),
(1147, 1, 3, 'this is me again hello this is me', 'read', '1367764643'),
(1148, 1, 3, 'this is me again asdlfkjsdlfjsdlfkj', 'read', '1367764651'),
(1149, 1, 3, 'asdf', 'read', '1367764991'),
(1150, 4, 3, 'ranodom', 'read', '1367765924'),
(1151, 4, 3, 'bokchod', 'read', '1367765927'),
(1152, 4, 3, 'gandu', 'read', '1367765929'),
(1153, 4, 1, 'hello', 'read', '1367765934'),
(1154, 4, 1, 'hello', 'read', '1367765936'),
(1155, 3, 4, 'sldkfjdslkfj\n', 'read', '1367765941'),
(1156, 3, 1, 'sldkfjdslkjf\n', 'read', '1367765945'),
(1157, 1, 4, 'sdfsdfsfsd', 'read', '1367765960'),
(1158, 4, 1, 'that''s good enough?', 'read', '1367778257'),
(1159, 4, 1, 'sdfsd', 'read', '1367778273'),
(1160, 4, 1, 'boom', 'read', '1367778288'),
(1161, 1, 4, 'randomly speaking', 'read', '1367778325'),
(1163, 1, 4, 'abc', 'read', '1367824744'),
(1164, 4, 1, 'sdfsdf', 'read', '1367824759'),
(1165, 1, 2, 'sldkfjsdlfkjssdfsdfds', 'read', '1376414679'),
(1166, 2, 1, 'sdfdsf', 'read', '1376414697'),
(1167, 1, 2, 'sdfsdfds', 'read', '1376414887'),
(1168, 1, 2, 'sklfjsdlfkjs', 'read', '1376414891'),
(1169, 1, 2, 'slkdfjslkfjskldfjsdlkj lskdfjsdlkfj', 'read', '1376414898'),
(1170, 1, 2, 'random balbichi', 'read', '1376414901');

-- --------------------------------------------------------

--
-- Table structure for table `cheersu_checkins`
--

CREATE TABLE IF NOT EXISTS `cheersu_checkins` (
  `checkin_id` bigint(40) NOT NULL AUTO_INCREMENT,
  `checkin_user_id` bigint(60) NOT NULL,
  `checkin_venue_id` bigint(40) NOT NULL,
  `checkin_timestamp` timestamp NOT NULL DEFAULT CURRENT_TIMESTAMP ON UPDATE CURRENT_TIMESTAMP,
  PRIMARY KEY (`checkin_id`)
) ENGINE=InnoDB  DEFAULT CHARSET=latin1 AUTO_INCREMENT=20 ;

--
-- Dumping data for table `cheersu_checkins`
--

INSERT INTO `cheersu_checkins` (`checkin_id`, `checkin_user_id`, `checkin_venue_id`, `checkin_timestamp`) VALUES
(1, 1, 51, '2013-03-28 07:24:50'),
(2, 1, 52, '2013-03-28 07:24:56'),
(3, 1, 53, '2013-03-28 07:24:59'),
(4, 1, 54, '2013-03-28 07:25:03'),
(5, 1, 60, '2013-03-28 07:25:07'),
(6, 1, 51, '2013-03-28 11:10:21'),
(7, 1, 52, '2013-03-28 12:18:54'),
(8, 1, 51, '2013-03-28 12:37:39'),
(9, 1, 52, '2013-03-28 12:40:34'),
(10, 1, 60, '2013-03-28 12:40:37'),
(11, 1, 52, '2013-03-28 12:40:44'),
(12, 1, 51, '2013-03-28 12:51:48'),
(13, 1, 60, '2013-03-28 12:52:21'),
(14, 1, 52, '2013-04-24 10:00:43'),
(15, 1, 46, '2013-04-24 10:03:21'),
(16, 1, 125, '2013-04-26 16:54:22'),
(17, 3, 1, '2013-05-02 21:38:18'),
(18, 1, 51, '2013-10-24 19:35:08'),
(19, 1, 52, '2013-10-24 20:09:30');

-- --------------------------------------------------------

--
-- Table structure for table `cheersu_cliques`
--

CREATE TABLE IF NOT EXISTS `cheersu_cliques` (
  `clique_id` int(10) NOT NULL AUTO_INCREMENT,
  `clique_name` varchar(60) NOT NULL,
  `clique_creator` int(10) NOT NULL,
  `clique_timestamp` timestamp NOT NULL DEFAULT CURRENT_TIMESTAMP ON UPDATE CURRENT_TIMESTAMP,
  `clique_description` varchar(400) NOT NULL,
  `clique_image` varchar(60) NOT NULL,
  PRIMARY KEY (`clique_id`)
) ENGINE=InnoDB  DEFAULT CHARSET=latin1 AUTO_INCREMENT=8 ;

--
-- Dumping data for table `cheersu_cliques`
--

INSERT INTO `cheersu_cliques` (`clique_id`, `clique_name`, `clique_creator`, `clique_timestamp`, `clique_description`, `clique_image`) VALUES
(1, 'Random', 1, '2013-05-05 09:08:44', '', '36d72e25054846348fcdb5f9e1acd25a.jpg'),
(4, 'randomized', 1, '2013-04-14 06:31:55', '', ''),
(5, 'Again', 1, '2013-05-03 16:02:51', '', '28edcb7eec7f6a08f020ba60ccbdc82b.jpg'),
(6, 'Test Clique', 3, '2013-05-04 08:53:26', '', 'ab26a04477829ce8764e9daf31d69746.jpg'),
(7, 'bokchod', 4, '2013-05-06 09:12:59', '', '');

-- --------------------------------------------------------

--
-- Table structure for table `cheersu_cliques_activity`
--

CREATE TABLE IF NOT EXISTS `cheersu_cliques_activity` (
  `clique_activityid` int(20) NOT NULL AUTO_INCREMENT,
  `clique_activity_type` varchar(40) NOT NULL,
  `clique_activity_userid` int(10) NOT NULL,
  `clique_activity_cliqueid` int(12) NOT NULL,
  `clique_activity_venueid` int(10) NOT NULL DEFAULT '0',
  `clique_activity_postid` int(20) NOT NULL DEFAULT '0',
  `clique_activity_timestamp` timestamp NOT NULL DEFAULT CURRENT_TIMESTAMP,
  PRIMARY KEY (`clique_activityid`)
) ENGINE=InnoDB  DEFAULT CHARSET=latin1 AUTO_INCREMENT=58 ;

--
-- Dumping data for table `cheersu_cliques_activity`
--

INSERT INTO `cheersu_cliques_activity` (`clique_activityid`, `clique_activity_type`, `clique_activity_userid`, `clique_activity_cliqueid`, `clique_activity_venueid`, `clique_activity_postid`, `clique_activity_timestamp`) VALUES
(2, 'checkin', 1, 1, 2, 0, '2013-04-23 17:10:23'),
(3, 'reserve', 1, 1, 2, 0, '2013-04-23 17:10:31'),
(6, 'post', 1, 1, 0, 2, '2013-04-23 20:41:12'),
(7, 'post', 1, 1, 0, 3, '2013-04-23 20:41:14'),
(8, 'post', 1, 1, 0, 4, '2013-04-23 20:41:26'),
(9, 'post', 1, 1, 0, 5, '2013-04-23 20:41:54'),
(10, 'reserve', 1, 1, 3, 0, '2013-04-23 20:42:08'),
(11, 'checkin', 1, 1, 3, 0, '2013-04-23 20:42:09'),
(12, 'reserve', 1, 1, 11, 0, '2013-04-23 21:05:08'),
(13, 'checkin', 1, 1, 52, 0, '2013-04-23 21:05:25'),
(15, 'reserve', 1, 4, 2, 0, '2013-04-24 12:24:27'),
(16, 'post', 3, 1, 0, 6, '2013-04-24 20:43:07'),
(17, 'photo-activity', 1, 1, 0, 0, '2013-04-30 05:00:06'),
(18, 'photo-activity', 1, 1, 0, 0, '2013-04-30 05:35:12'),
(19, 'photo-activity', 1, 1, 0, 0, '2013-04-30 05:40:30'),
(21, 'photo-activity', 3, 1, 0, 0, '2013-05-03 09:47:07'),
(22, 'photo-activity', 3, 1, 0, 0, '2013-05-03 09:49:49'),
(23, 'photo-activity', 1, 6, 0, 0, '2013-05-04 09:03:35'),
(24, 'post', 1, 1, 0, 9, '2013-05-04 20:11:44'),
(25, 'checkin', 1, 1, 1, 0, '2013-05-05 09:23:56'),
(26, 'checkin', 1, 1, 52, 0, '2013-05-05 09:24:27'),
(27, 'checkin', 1, 1, 53, 0, '2013-05-05 09:24:36'),
(28, 'checkin', 1, 1, 52, 0, '2013-05-05 09:26:21'),
(29, 'checkin', 1, 1, 52, 0, '2013-05-05 09:33:05'),
(30, 'photo-activity', 1, 1, 0, 0, '2013-05-05 09:35:33'),
(31, 'post', 1, 6, 0, 10, '2013-05-05 18:18:36'),
(32, 'post', 1, 6, 0, 11, '2013-05-05 18:19:09'),
(33, 'post', 1, 6, 0, 12, '2013-05-05 18:19:38'),
(34, 'post', 4, 6, 0, 13, '2013-05-05 18:21:59'),
(35, 'post', 1, 5, 0, 14, '2013-05-06 07:16:00'),
(36, 'post', 1, 5, 0, 15, '2013-05-06 07:16:04'),
(37, 'post', 1, 6, 0, 16, '2013-05-06 07:22:31'),
(38, 'post', 1, 6, 0, 17, '2013-05-06 07:22:49'),
(39, 'post', 1, 6, 0, 18, '2013-05-06 07:22:57'),
(40, 'post', 1, 7, 0, 19, '2013-05-08 19:25:38'),
(41, 'checkin', 1, 7, 52, 0, '2013-05-08 19:41:06'),
(42, 'photo-activity', 1, 7, 0, 0, '2013-05-08 19:58:33'),
(43, 'photo-activity', 1, 7, 0, 0, '2013-05-08 19:58:38'),
(44, 'photo-activity', 1, 7, 0, 0, '2013-05-08 19:59:54'),
(45, 'photo-activity', 1, 7, 0, 0, '2013-05-08 20:00:20'),
(46, 'photo-activity', 1, 7, 0, 0, '2013-05-08 20:01:23'),
(47, 'post', 1, 6, 0, 20, '2013-08-13 15:07:07'),
(48, 'photo-activity', 1, 1, 0, 0, '2013-09-10 18:41:47'),
(49, 'photo-activity', 1, 1, 0, 0, '2013-09-10 19:40:27'),
(50, 'photo-activity', 1, 1, 0, 0, '2013-09-15 13:50:57'),
(51, 'photo-activity', 1, 1, 0, 0, '2013-09-17 17:44:53'),
(52, 'photo-activity', 1, 1, 0, 0, '2013-09-17 17:59:45'),
(53, 'photo-activity', 1, 1, 0, 0, '2013-09-26 17:29:43'),
(54, 'photo-activity', 1, 1, 0, 0, '2013-09-26 17:32:40'),
(55, 'photo-activity', 1, 1, 0, 0, '2013-09-26 18:34:11'),
(56, 'photo-activity', 1, 1, 0, 0, '2013-10-24 20:28:42'),
(57, 'photo-activity', 1, 1, 0, 0, '2013-10-24 20:29:28');

-- --------------------------------------------------------

--
-- Table structure for table `cheersu_clique_decline`
--

CREATE TABLE IF NOT EXISTS `cheersu_clique_decline` (
  `decline_id` int(12) NOT NULL AUTO_INCREMENT,
  `decline_userid` int(9) NOT NULL,
  `decline_cliqueid` int(13) NOT NULL,
  `decline_timestamp` timestamp NOT NULL DEFAULT CURRENT_TIMESTAMP,
  PRIMARY KEY (`decline_id`)
) ENGINE=InnoDB DEFAULT CHARSET=latin1 AUTO_INCREMENT=1 ;

-- --------------------------------------------------------

--
-- Table structure for table `cheersu_clique_members`
--

CREATE TABLE IF NOT EXISTS `cheersu_clique_members` (
  `member_id` int(12) NOT NULL AUTO_INCREMENT,
  `member_userid` int(12) NOT NULL,
  `member_cliqueid` int(12) NOT NULL,
  `member_timestamp` timestamp NOT NULL DEFAULT CURRENT_TIMESTAMP,
  PRIMARY KEY (`member_id`)
) ENGINE=InnoDB  DEFAULT CHARSET=latin1 AUTO_INCREMENT=39 ;

--
-- Dumping data for table `cheersu_clique_members`
--

INSERT INTO `cheersu_clique_members` (`member_id`, `member_userid`, `member_cliqueid`, `member_timestamp`) VALUES
(1, 1, 1, '2013-04-14 05:52:39'),
(4, 1, 4, '2013-04-14 06:31:55'),
(6, 3, 1, '2013-04-23 18:57:04'),
(11, 1, 5, '2013-04-24 08:49:44'),
(15, 4, 4, '2013-04-24 12:24:09'),
(16, 3, 4, '2013-04-24 12:24:09'),
(23, 3, 6, '2013-05-04 07:41:05'),
(24, 1, 6, '2013-05-04 08:53:40'),
(28, 1, 1, '2013-05-05 09:47:05'),
(31, 4, 6, '2013-05-05 18:20:15'),
(32, 4, 7, '2013-05-06 09:12:59'),
(35, 1, 7, '2013-05-08 09:01:37'),
(36, 4, 5, '2013-05-08 09:01:53'),
(38, 2, 5, '2013-08-13 17:26:20');

-- --------------------------------------------------------

--
-- Table structure for table `cheersu_clique_photos`
--

CREATE TABLE IF NOT EXISTS `cheersu_clique_photos` (
  `clique_photos_id` int(11) NOT NULL AUTO_INCREMENT,
  `clique_photos_userid` int(12) NOT NULL,
  `clique_photos_cliqueid` int(12) NOT NULL,
  `clique_photos_source` varchar(80) NOT NULL,
  `clique_photos_timestamp` timestamp NOT NULL DEFAULT CURRENT_TIMESTAMP,
  PRIMARY KEY (`clique_photos_id`)
) ENGINE=InnoDB  DEFAULT CHARSET=latin1 AUTO_INCREMENT=72 ;

--
-- Dumping data for table `cheersu_clique_photos`
--

INSERT INTO `cheersu_clique_photos` (`clique_photos_id`, `clique_photos_userid`, `clique_photos_cliqueid`, `clique_photos_source`, `clique_photos_timestamp`) VALUES
(1, 1, 1, '678062f0cfc72225428fafc229b31282.jpg', '2013-04-30 05:00:06'),
(2, 1, 1, 'd1d76d0b00f0323f0c02c64f0c66c5e4.jpg', '2013-04-30 05:00:06'),
(3, 1, 1, 'a655ccf936912ac3e2e40fa662593151.jpg', '2013-04-30 05:35:12'),
(4, 1, 1, '31d8a87e7a2b6311959867a8608b82df.jpg', '2013-04-30 05:40:30'),
(5, 1, 1, '66956ae8b0fdc327ed2de2da576c8dfa.jpg', '2013-04-30 05:40:30'),
(6, 1, 1, 'ee851d02c09bbc0080c5ad8851fcca30.jpg', '2013-04-30 05:40:30'),
(7, 1, 1, 'bbc1d89c20aeb77acabedbcc39b205d5.jpg', '2013-04-30 05:40:30'),
(8, 1, 1, '914b3814306420f82b12b176892ba97e.jpg', '2013-04-30 05:40:30'),
(9, 1, 1, 'bf4fdb3d47470acc6812ef4801893966.jpg', '2013-04-30 05:40:30'),
(10, 1, 1, '8014936dd132f8cdc5ea904330a467ca.jpg', '2013-04-30 05:40:30'),
(11, 1, 1, 'edde98d5ddce94b45ef732af93991b49.jpg', '2013-04-30 05:40:30'),
(12, 1, 1, 'efc22c838ead170d8d1529226323d650.jpg', '2013-04-30 05:40:30'),
(13, 1, 1, '1559245901e0374e092b5861ba9c9632.jpg', '2013-04-30 05:40:30'),
(16, 3, 1, '1e587dfafe609e0630328d7062e36057.jpg', '2013-05-03 09:47:07'),
(17, 3, 1, '988da4fc32d949c6d46aedbddaf8f4f5.jpg', '2013-05-03 09:47:07'),
(18, 3, 1, '8e640c54bc0d39be3197a96417e79886.jpg', '2013-05-03 09:49:49'),
(19, 3, 1, 'ac630f19a155972f40870635725465a4.jpg', '2013-05-03 09:49:49'),
(20, 1, 6, '012dfb418c64c0cea10a4b2e2d97f832.jpg', '2013-05-04 09:03:35'),
(21, 1, 6, '4ed5683323c74eefefcfe467e28fc358.jpg', '2013-05-04 09:03:35'),
(22, 1, 6, '4d1379570d075d33635bf640f4b88702.jpg', '2013-05-04 09:03:35'),
(23, 1, 1, '6b9a56e9d1badd9ed607c6d1968dbba0.jpg', '2013-05-05 09:35:33'),
(24, 1, 1, '6e37adcd7450905671a02fbc33cf9c3a.jpg', '2013-05-05 09:35:33'),
(25, 1, 1, '66d02634f8f72b5af27851a9c0fd7860.jpg', '2013-05-05 09:35:33'),
(26, 1, 1, '1bd98a8e3606321cc1f7fe2677a969b8.jpg', '2013-05-05 09:35:33'),
(27, 1, 1, '29c74af8054407a7b2181442be2410d5.jpg', '2013-05-05 09:35:33'),
(28, 1, 1, '144b4587a5bad072f85765d96633aaa6.jpg', '2013-05-05 09:35:33'),
(29, 1, 7, '518f94a44ecc7de6ca581bf2b58d1970.jpg', '2013-05-08 19:58:33'),
(30, 1, 7, '2b2a1c25a092e73bbd3c6735ee8040b2.jpg', '2013-05-08 19:58:33'),
(31, 1, 7, 'a404f31bb8687fb6949184e29eeca659.jpg', '2013-05-08 19:58:33'),
(32, 1, 7, '518f94a44ecc7de6ca581bf2b58d1970.jpg', '2013-05-08 19:58:38'),
(33, 1, 7, '2b2a1c25a092e73bbd3c6735ee8040b2.jpg', '2013-05-08 19:58:38'),
(34, 1, 7, 'a404f31bb8687fb6949184e29eeca659.jpg', '2013-05-08 19:58:38'),
(35, 1, 7, '518f94a44ecc7de6ca581bf2b58d1970.jpg', '2013-05-08 19:59:54'),
(36, 1, 7, '2b2a1c25a092e73bbd3c6735ee8040b2.jpg', '2013-05-08 19:59:54'),
(37, 1, 7, 'a404f31bb8687fb6949184e29eeca659.jpg', '2013-05-08 19:59:54'),
(38, 1, 7, '518f94a44ecc7de6ca581bf2b58d1970.jpg', '2013-05-08 20:00:20'),
(39, 1, 7, '2b2a1c25a092e73bbd3c6735ee8040b2.jpg', '2013-05-08 20:00:20'),
(40, 1, 7, 'a404f31bb8687fb6949184e29eeca659.jpg', '2013-05-08 20:00:20'),
(41, 1, 7, 'fb6ea9c6cd33b6bf214bd77ececb9319.jpg', '2013-05-08 20:01:23'),
(42, 1, 7, '2af8d6ba307f6c4a905e91e1641d599b.jpg', '2013-05-08 20:01:23'),
(43, 1, 7, 'def28f705cba9a2ec30752b1be45d41d.jpg', '2013-05-08 20:01:23'),
(44, 1, 7, 'edec4ef53064d924813097f7b433f3a9.jpg', '2013-05-08 20:01:23'),
(45, 1, 7, '2bb5239f0178e121197b942fd3554271.jpg', '2013-05-08 20:01:23'),
(46, 1, 1, '969d74098679c042673a0b88360bd17b.jpg', '2013-09-10 18:41:47'),
(47, 1, 1, '3f112458868c65f8d0c38f604e2d9859.jpg', '2013-09-10 18:41:47'),
(48, 1, 1, '729ae13d9176e5d6a746c51385bc5d32.jpg', '2013-09-10 19:40:27'),
(49, 1, 1, '0d6b86933d6f03a8de02da9b2e0237f1.jpg', '2013-09-10 19:40:27'),
(50, 1, 1, '14bf70767c9bff156108b7ea628894dc.jpg', '2013-09-10 19:40:27'),
(51, 1, 1, 'f9e2a0e7d5ffff6878d1843f28b7ce2d.jpg', '2013-09-10 19:40:27'),
(52, 1, 1, 'e21edc395469d14bedbf0c07bfa03c07.jpg', '2013-09-10 19:40:27'),
(53, 1, 1, 'fb1e967800ebe65eb48076fa3a9c6714.jpg', '2013-09-10 19:40:27'),
(54, 1, 1, 'e2eae397015aac3c964d4fabed570e5a.jpg', '2013-09-10 19:40:27'),
(55, 1, 1, 'a611f3b172dc7c7e1dbe30e0e0227091.jpg', '2013-09-15 13:50:57'),
(56, 1, 1, 'ef030e4d7150bc828f318b0e5ad81e66.jpg', '2013-09-17 17:44:53'),
(57, 1, 1, 'e14c9a97977609fe719f1a57408335c7.png', '2013-09-17 17:44:53'),
(58, 1, 1, '4c856b7eb0158dbefa433f0431752b5e.png', '2013-09-17 17:44:53'),
(59, 1, 1, '55cd202b6db04076fcd9f97f9d16d2b9.png', '2013-09-17 17:44:53'),
(60, 1, 1, 'df00b947740b47317c8f5d199c44c7b7.png', '2013-09-17 17:44:53'),
(61, 1, 1, 'd4c796c9efafa3b548792b9f2804a8cc.jpg', '2013-09-17 17:44:53'),
(62, 1, 1, 'de3d820f7730ba0a5accccc40419a35b.jpg', '2013-09-17 17:44:53'),
(63, 1, 1, 'cbd4942657af84b19ee94a21c2838bf9.png', '2013-09-17 17:59:45'),
(64, 1, 1, '08acb18629d6fd4a88f8fd22c67d33e2.jpg', '2013-09-26 17:29:43'),
(65, 1, 1, '0314bccd0d58a08eadbe9f033a6ec8ab.jpg', '2013-09-26 17:32:40'),
(66, 1, 1, '724a24a5014d3a4f3da34c567ef6be5e.jpg', '2013-09-26 18:34:11'),
(67, 1, 1, '5cb983b72e2106e8aa4e84544a47a5bb.jpg', '2013-09-26 18:34:11'),
(68, 1, 1, 'b7d1e7b3ab84ea4ee8d7d71f34f19b0b.jpg', '2013-09-26 18:34:11'),
(69, 1, 1, '143ff639828fa6480dea6732523a368e.jpg', '2013-09-26 18:34:11'),
(70, 1, 1, 'aea05a25decee7b33b92f937c19ce567.jpg', '2013-10-24 20:28:42'),
(71, 1, 1, '4b6741fc2e54d0c75891864d4481ad45.jpg', '2013-10-24 20:29:28');

-- --------------------------------------------------------

--
-- Table structure for table `cheersu_clique_posts`
--

CREATE TABLE IF NOT EXISTS `cheersu_clique_posts` (
  `post_id` int(14) NOT NULL AUTO_INCREMENT,
  `post_userid` int(10) NOT NULL,
  `post_cliqueid` int(12) NOT NULL,
  `post_content` varchar(1000) NOT NULL,
  `post_timestamp` timestamp NOT NULL DEFAULT CURRENT_TIMESTAMP,
  PRIMARY KEY (`post_id`)
) ENGINE=InnoDB  DEFAULT CHARSET=latin1 AUTO_INCREMENT=21 ;

--
-- Dumping data for table `cheersu_clique_posts`
--

INSERT INTO `cheersu_clique_posts` (`post_id`, `post_userid`, `post_cliqueid`, `post_content`, `post_timestamp`) VALUES
(1, 1, 1, 'clique post', '2013-04-23 17:37:21'),
(2, 1, 1, 'hello guys', '2013-04-23 20:41:12'),
(3, 1, 1, 'hello guys', '2013-04-23 20:41:14'),
(4, 1, 1, 'hello guys', '2013-04-23 20:41:26'),
(5, 1, 1, 'hello bokchods', '2013-04-23 20:41:54'),
(6, 3, 1, 'hello', '2013-04-24 20:43:07'),
(7, 2, 4, 'hello\nthis is me', '2013-05-03 17:49:57'),
(8, 2, 4, 'sdfdfffffffffffffffffffffffffffffffffffffffffffffffffffffffffffffffffffffffffffffffffffffffffffffffffffffffffffffffffffffffffffffffffffffffffffffffffffffffffffffffffffffffffffff', '2013-05-03 17:50:08'),
(9, 1, 1, 'hello buddy', '2013-05-04 20:11:44'),
(10, 1, 6, 'randomly testing', '2013-05-05 18:18:36'),
(11, 1, 6, 'This is it!!!!!!!!!!!!!!!!!\nAnd it feeeeeeeeeeeels!!!!!!!!!!!\nAnd it feels like this is good enough\nfor me\ncould it be \nthat the grass is always green', '2013-05-05 18:19:09'),
(12, 1, 6, 'If I could break awayyyyyyyyyyyyyyyyyy\nfrom this moment \nbreak away!!!!!!!!!!!!!11', '2013-05-05 18:19:38'),
(13, 4, 6, 'this is me I am new\n', '2013-05-05 18:21:59'),
(14, 1, 5, 'hi guys this is my clique', '2013-05-06 07:16:00'),
(15, 1, 5, '', '2013-05-06 07:16:04'),
(16, 1, 6, '', '2013-05-06 07:22:31'),
(17, 1, 6, '', '2013-05-06 07:22:49'),
(18, 1, 6, '', '2013-05-06 07:22:57'),
(19, 1, 7, 'bokchod', '2013-05-08 19:25:38'),
(20, 1, 6, 'abc', '2013-08-13 15:07:07');

-- --------------------------------------------------------

--
-- Table structure for table `cheersu_clique_requests`
--

CREATE TABLE IF NOT EXISTS `cheersu_clique_requests` (
  `request_id` int(10) NOT NULL AUTO_INCREMENT,
  `request_from` int(10) NOT NULL,
  `request_to` int(10) NOT NULL,
  `request_cliqueid` int(11) NOT NULL,
  `request_timestamp` timestamp NOT NULL DEFAULT CURRENT_TIMESTAMP,
  `request_status` varchar(20) NOT NULL DEFAULT 'unread',
  PRIMARY KEY (`request_id`)
) ENGINE=InnoDB  DEFAULT CHARSET=latin1 AUTO_INCREMENT=4 ;

--
-- Dumping data for table `cheersu_clique_requests`
--

INSERT INTO `cheersu_clique_requests` (`request_id`, `request_from`, `request_to`, `request_cliqueid`, `request_timestamp`, `request_status`) VALUES
(3, 1, 3, 5, '2013-05-06 07:11:48', 'unread');

-- --------------------------------------------------------

--
-- Table structure for table `cheersu_comments`
--

CREATE TABLE IF NOT EXISTS `cheersu_comments` (
  `comment_id` bigint(100) NOT NULL AUTO_INCREMENT,
  `comment_user_id` bigint(60) NOT NULL,
  `comment_comment` varchar(1000) NOT NULL,
  `comment_venue_id` int(10) NOT NULL,
  `comment_timestamp` timestamp NOT NULL DEFAULT CURRENT_TIMESTAMP,
  PRIMARY KEY (`comment_id`)
) ENGINE=InnoDB  DEFAULT CHARSET=latin1 AUTO_INCREMENT=41 ;

--
-- Dumping data for table `cheersu_comments`
--

INSERT INTO `cheersu_comments` (`comment_id`, `comment_user_id`, `comment_comment`, `comment_venue_id`, `comment_timestamp`) VALUES
(1, 2, 'Gandu re', 1, '2013-01-10 18:13:52'),
(2, 2, 'Kutta r bacha', 2, '2013-01-10 18:14:03'),
(3, 2, 'Gandu', 3, '2013-01-10 18:14:11'),
(4, 2, 'Kutta', 1, '2013-01-10 20:41:58'),
(5, 1, 'Kutta r bacha', 3, '2013-01-11 00:32:20'),
(6, 2, 'haramjada', 3, '2013-01-11 00:33:39'),
(7, 1, 'gandu re', 3, '2013-01-11 06:29:04'),
(8, 1, 'harami', 2, '2013-01-11 06:29:21'),
(9, 1, 'balbichi', 2, '2013-01-14 22:38:34'),
(10, 3, 'hello', 1, '2013-01-15 21:59:44'),
(11, 4, 'Kukur', 1, '2013-01-16 18:50:25'),
(12, 3, 'Kukur', 2, '2013-01-16 19:13:45'),
(13, 1, 'harami', 11, '2013-01-16 23:06:31'),
(14, 1, 'Kukur', 4, '2013-01-16 23:30:55'),
(15, 3, 'abc', 3, '2013-01-17 07:07:27'),
(16, 3, 'gef', 3, '2013-01-17 08:43:52'),
(17, 1, 'kukur', 3, '2013-01-17 12:16:45'),
(18, 1, 'ok;lk;l', 4, '2013-01-17 12:17:09'),
(19, 1, 'Kukur', 1, '2013-01-19 09:19:26'),
(20, 1, 'hello', 2, '2013-01-19 09:21:04'),
(21, 1, 'huliye', 3, '2013-01-19 10:19:57'),
(22, 1, 'hello hurricane', 4, '2013-01-19 10:21:52'),
(23, 1, 'bokchod', 2, '2013-01-19 12:04:51'),
(24, 1, 'first', 2, '2013-01-19 12:05:32'),
(25, 1, 'first', 2, '2013-01-19 12:05:48'),
(26, 1, 'first', 9, '2013-01-19 12:06:19'),
(27, 1, 'second', 9, '2013-01-19 12:06:44'),
(28, 1, 'first', 9, '2013-01-19 12:07:02'),
(29, 1, 'first', 6, '2013-01-19 12:07:20'),
(30, 1, 'second', 6, '2013-01-19 12:07:36'),
(31, 1, 'first', 63, '2013-01-19 12:09:33'),
(32, 1, 'first comment here', 8, '2013-01-19 12:10:45'),
(33, 1, 'sdlfsdf', 8, '2013-01-20 21:26:06'),
(34, 1, 'kukur', 7, '2013-01-20 22:11:15'),
(35, 1, 'hello', 10, '2013-01-20 22:12:05'),
(36, 1, 'hello', 3, '2013-01-21 00:49:47'),
(37, 1, 'kukur', 6, '2013-01-21 00:50:06'),
(38, 1, 'checking', 51, '2013-03-26 20:52:28'),
(39, 1, 'from search', 52, '2013-04-26 19:36:19'),
(40, 1, 'from search 2', 52, '2013-04-26 19:37:39');

-- --------------------------------------------------------

--
-- Table structure for table `cheersu_friends_1`
--

CREATE TABLE IF NOT EXISTS `cheersu_friends_1` (
  `friend_id` bigint(20) NOT NULL AUTO_INCREMENT,
  `friend_user_id` bigint(20) NOT NULL,
  `friend_status` varchar(255) NOT NULL DEFAULT 'pending',
  `friend_timeofadding` timestamp NOT NULL DEFAULT CURRENT_TIMESTAMP,
  PRIMARY KEY (`friend_id`)
) ENGINE=InnoDB  DEFAULT CHARSET=latin1 AUTO_INCREMENT=28 ;

--
-- Dumping data for table `cheersu_friends_1`
--

INSERT INTO `cheersu_friends_1` (`friend_id`, `friend_user_id`, `friend_status`, `friend_timeofadding`) VALUES
(23, 3, 'confirmed', '2013-01-27 00:42:22'),
(24, 2, 'confirmed', '2013-01-30 07:49:56'),
(27, 4, 'confirmed', '2013-02-11 08:46:22');

-- --------------------------------------------------------

--
-- Table structure for table `cheersu_friends_2`
--

CREATE TABLE IF NOT EXISTS `cheersu_friends_2` (
  `friend_id` bigint(20) NOT NULL AUTO_INCREMENT,
  `friend_user_id` bigint(20) NOT NULL,
  `friend_status` varchar(255) NOT NULL DEFAULT 'pending',
  `friend_timeofadding` timestamp NOT NULL DEFAULT CURRENT_TIMESTAMP,
  PRIMARY KEY (`friend_id`)
) ENGINE=InnoDB  DEFAULT CHARSET=latin1 AUTO_INCREMENT=4 ;

--
-- Dumping data for table `cheersu_friends_2`
--

INSERT INTO `cheersu_friends_2` (`friend_id`, `friend_user_id`, `friend_status`, `friend_timeofadding`) VALUES
(1, 3, 'confirmed', '2013-01-23 08:44:30'),
(3, 1, 'confirmed', '2013-01-30 08:00:27');

-- --------------------------------------------------------

--
-- Table structure for table `cheersu_friends_3`
--

CREATE TABLE IF NOT EXISTS `cheersu_friends_3` (
  `friend_id` bigint(20) NOT NULL AUTO_INCREMENT,
  `friend_user_id` bigint(20) NOT NULL,
  `friend_status` varchar(255) NOT NULL DEFAULT 'pending',
  `friend_timeofadding` timestamp NOT NULL DEFAULT CURRENT_TIMESTAMP,
  PRIMARY KEY (`friend_id`)
) ENGINE=InnoDB  DEFAULT CHARSET=latin1 AUTO_INCREMENT=14 ;

--
-- Dumping data for table `cheersu_friends_3`
--

INSERT INTO `cheersu_friends_3` (`friend_id`, `friend_user_id`, `friend_status`, `friend_timeofadding`) VALUES
(7, 2, 'confirmed', '2013-01-23 08:35:06'),
(12, 1, 'confirmed', '2013-01-27 00:42:32'),
(13, 4, 'confirmed', '2013-03-11 21:17:40');

-- --------------------------------------------------------

--
-- Table structure for table `cheersu_friends_4`
--

CREATE TABLE IF NOT EXISTS `cheersu_friends_4` (
  `friend_id` bigint(20) NOT NULL AUTO_INCREMENT,
  `friend_user_id` bigint(20) NOT NULL,
  `friend_status` varchar(255) NOT NULL DEFAULT 'pending',
  `friend_timeofadding` timestamp NOT NULL DEFAULT CURRENT_TIMESTAMP,
  PRIMARY KEY (`friend_id`)
) ENGINE=InnoDB  DEFAULT CHARSET=latin1 AUTO_INCREMENT=5 ;

--
-- Dumping data for table `cheersu_friends_4`
--

INSERT INTO `cheersu_friends_4` (`friend_id`, `friend_user_id`, `friend_status`, `friend_timeofadding`) VALUES
(3, 1, 'confirmed', '2013-02-11 08:46:45'),
(4, 3, 'confirmed', '2013-03-11 21:16:59');

-- --------------------------------------------------------

--
-- Table structure for table `cheersu_friends_8`
--

CREATE TABLE IF NOT EXISTS `cheersu_friends_8` (
  `friend_id` bigint(20) NOT NULL AUTO_INCREMENT,
  `friend_user_id` bigint(20) NOT NULL,
  `friend_status` varchar(255) NOT NULL DEFAULT 'pending',
  `friend_timeofadding` timestamp NOT NULL DEFAULT CURRENT_TIMESTAMP,
  PRIMARY KEY (`friend_id`)
) ENGINE=InnoDB DEFAULT CHARSET=latin1 AUTO_INCREMENT=1 ;

-- --------------------------------------------------------

--
-- Table structure for table `cheersu_friends_11`
--

CREATE TABLE IF NOT EXISTS `cheersu_friends_11` (
  `friend_id` bigint(20) NOT NULL AUTO_INCREMENT,
  `friend_user_id` bigint(20) NOT NULL,
  `friend_status` varchar(255) NOT NULL DEFAULT 'pending',
  `friend_timeofadding` timestamp NOT NULL DEFAULT CURRENT_TIMESTAMP,
  PRIMARY KEY (`friend_id`)
) ENGINE=InnoDB DEFAULT CHARSET=latin1 AUTO_INCREMENT=1 ;

-- --------------------------------------------------------

--
-- Table structure for table `cheersu_friend_requests_1`
--

CREATE TABLE IF NOT EXISTS `cheersu_friend_requests_1` (
  `friend_request_id` int(5) NOT NULL AUTO_INCREMENT,
  `friend_user_id` bigint(60) NOT NULL,
  `friend_request_seen` varchar(20) NOT NULL DEFAULT 'unread',
  `friend_request_timestamp` timestamp NOT NULL DEFAULT CURRENT_TIMESTAMP,
  PRIMARY KEY (`friend_request_id`)
) ENGINE=InnoDB DEFAULT CHARSET=latin1 AUTO_INCREMENT=1 ;

-- --------------------------------------------------------

--
-- Table structure for table `cheersu_friend_requests_2`
--

CREATE TABLE IF NOT EXISTS `cheersu_friend_requests_2` (
  `friend_request_id` int(5) NOT NULL AUTO_INCREMENT,
  `friend_user_id` bigint(60) NOT NULL,
  `friend_request_seen` varchar(20) NOT NULL DEFAULT 'unread',
  `friend_request_timestamp` timestamp NOT NULL DEFAULT CURRENT_TIMESTAMP,
  PRIMARY KEY (`friend_request_id`)
) ENGINE=InnoDB DEFAULT CHARSET=latin1 AUTO_INCREMENT=1 ;

-- --------------------------------------------------------

--
-- Table structure for table `cheersu_friend_requests_3`
--

CREATE TABLE IF NOT EXISTS `cheersu_friend_requests_3` (
  `friend_request_id` int(5) NOT NULL AUTO_INCREMENT,
  `friend_user_id` bigint(60) NOT NULL,
  `friend_request_seen` varchar(20) NOT NULL DEFAULT 'unread',
  `friend_request_timestamp` timestamp NOT NULL DEFAULT CURRENT_TIMESTAMP,
  PRIMARY KEY (`friend_request_id`)
) ENGINE=InnoDB DEFAULT CHARSET=latin1 AUTO_INCREMENT=1 ;

-- --------------------------------------------------------

--
-- Table structure for table `cheersu_friend_requests_4`
--

CREATE TABLE IF NOT EXISTS `cheersu_friend_requests_4` (
  `friend_request_id` int(5) NOT NULL AUTO_INCREMENT,
  `friend_user_id` bigint(60) NOT NULL,
  `friend_request_seen` varchar(20) NOT NULL DEFAULT 'unread',
  `friend_request_timestamp` timestamp NOT NULL DEFAULT CURRENT_TIMESTAMP,
  PRIMARY KEY (`friend_request_id`)
) ENGINE=InnoDB DEFAULT CHARSET=latin1 AUTO_INCREMENT=1 ;

-- --------------------------------------------------------

--
-- Table structure for table `cheersu_friend_requests_8`
--

CREATE TABLE IF NOT EXISTS `cheersu_friend_requests_8` (
  `friend_request_id` int(5) NOT NULL AUTO_INCREMENT,
  `friend_user_id` bigint(60) NOT NULL,
  `friend_request_seen` varchar(20) NOT NULL DEFAULT 'unread',
  `friend_request_timestamp` timestamp NOT NULL DEFAULT CURRENT_TIMESTAMP,
  PRIMARY KEY (`friend_request_id`)
) ENGINE=InnoDB DEFAULT CHARSET=latin1 AUTO_INCREMENT=1 ;

-- --------------------------------------------------------

--
-- Table structure for table `cheersu_friend_requests_11`
--

CREATE TABLE IF NOT EXISTS `cheersu_friend_requests_11` (
  `friend_request_id` int(5) NOT NULL AUTO_INCREMENT,
  `friend_user_id` bigint(60) NOT NULL,
  `friend_request_seen` varchar(20) NOT NULL DEFAULT 'unread',
  `friend_request_timestamp` timestamp NOT NULL DEFAULT CURRENT_TIMESTAMP,
  PRIMARY KEY (`friend_request_id`)
) ENGINE=InnoDB DEFAULT CHARSET=latin1 AUTO_INCREMENT=1 ;

-- --------------------------------------------------------

--
-- Table structure for table `cheersu_hidden`
--

CREATE TABLE IF NOT EXISTS `cheersu_hidden` (
  `hidden_id` int(10) NOT NULL AUTO_INCREMENT,
  `hidden_userid` int(10) NOT NULL,
  `hidden_blocked_userid` int(10) NOT NULL,
  `hiden_timestamp` timestamp NOT NULL DEFAULT CURRENT_TIMESTAMP,
  PRIMARY KEY (`hidden_id`)
) ENGINE=InnoDB DEFAULT CHARSET=latin1 AUTO_INCREMENT=1 ;

-- --------------------------------------------------------

--
-- Table structure for table `cheersu_likes`
--

CREATE TABLE IF NOT EXISTS `cheersu_likes` (
  `like_id` bigint(100) NOT NULL AUTO_INCREMENT,
  `like_user_id` bigint(60) NOT NULL,
  `like_activity_id` bigint(100) NOT NULL,
  `like_cliqueactivity_id` int(20) NOT NULL DEFAULT '0',
  `like_timestamp` timestamp NOT NULL DEFAULT CURRENT_TIMESTAMP,
  PRIMARY KEY (`like_id`)
) ENGINE=InnoDB  DEFAULT CHARSET=latin1 AUTO_INCREMENT=101 ;

--
-- Dumping data for table `cheersu_likes`
--

INSERT INTO `cheersu_likes` (`like_id`, `like_user_id`, `like_activity_id`, `like_cliqueactivity_id`, `like_timestamp`) VALUES
(2, 2, 160, 0, '2013-03-27 07:28:46'),
(3, 3, 160, 0, '2013-03-27 07:30:37'),
(6, 1, 153, 0, '2013-03-27 10:55:24'),
(9, 1, 160, 0, '2013-03-27 11:01:00'),
(15, 1, 156, 0, '2013-03-27 11:29:38'),
(16, 1, 152, 0, '2013-03-27 11:34:14'),
(17, 1, 155, 0, '2013-03-27 11:35:43'),
(18, 1, 150, 0, '2013-03-27 12:31:37'),
(19, 1, 154, 0, '2013-03-27 12:47:14'),
(21, 1, 170, 0, '2013-03-28 10:50:07'),
(23, 1, 186, 0, '2013-03-30 14:05:36'),
(25, 1, 142, 0, '2013-03-30 22:13:17'),
(27, 1, 190, 0, '2013-03-31 07:15:33'),
(32, 1, 209, 0, '2013-04-06 05:17:59'),
(33, 1, 227, 0, '2013-04-14 20:00:36'),
(35, 1, 233, 0, '2013-05-01 09:37:22'),
(40, 3, 234, 0, '2013-05-02 22:01:25'),
(41, 3, 227, 0, '2013-05-02 22:09:21'),
(42, 1, 159, 0, '2013-05-03 06:01:03'),
(44, 1, 232, 0, '2013-05-03 06:53:06'),
(46, 1, 231, 0, '2013-05-03 06:59:08'),
(47, 1, 222, 0, '2013-05-03 07:00:07'),
(48, 1, 223, 0, '2013-05-03 07:00:14'),
(52, 1, 0, 21, '2013-05-03 19:35:03'),
(53, 1, 0, 19, '2013-05-03 19:35:39'),
(55, 1, 0, 18, '2013-05-03 19:49:43'),
(58, 1, 0, 17, '2013-05-03 20:40:40'),
(59, 1, 0, 4, '2013-05-03 21:23:36'),
(60, 1, 0, 16, '2013-05-03 21:23:45'),
(61, 1, 236, 0, '2013-05-04 07:04:43'),
(62, 1, 234, 0, '2013-05-04 07:05:53'),
(64, 3, 236, 0, '2013-05-04 07:08:09'),
(66, 1, 0, 23, '2013-05-04 09:03:39'),
(67, 1, 0, 22, '2013-05-04 09:07:34'),
(68, 3, 237, 0, '2013-05-04 18:54:16'),
(69, 3, 235, 0, '2013-05-04 18:54:19'),
(70, 4, 0, 33, '2013-05-05 18:21:04'),
(71, 1, 0, 34, '2013-05-05 18:22:06'),
(73, 1, 235, 0, '2013-05-05 20:26:22'),
(80, 1, 238, 0, '2013-05-13 09:18:09'),
(81, 1, 237, 0, '2013-05-13 09:18:20'),
(89, 1, 240, 0, '2013-06-07 18:10:46'),
(95, 1, 0, 30, '2013-06-07 19:30:08'),
(98, 1, 239, 0, '2013-06-07 20:11:29'),
(99, 1, 230, 0, '2013-06-23 08:25:43'),
(100, 1, 0, 47, '2013-08-13 15:07:11');

-- --------------------------------------------------------

--
-- Table structure for table `cheersu_notifications_1`
--

CREATE TABLE IF NOT EXISTS `cheersu_notifications_1` (
  `notification_id` bigint(40) NOT NULL AUTO_INCREMENT,
  `notification_activity_id` bigint(80) NOT NULL,
  `notification_user_id` bigint(60) NOT NULL,
  `notification_status` varchar(20) NOT NULL DEFAULT 'unread',
  `notification_timestamp` timestamp NOT NULL DEFAULT CURRENT_TIMESTAMP,
  `notification_type` varchar(60) DEFAULT NULL,
  PRIMARY KEY (`notification_id`)
) ENGINE=InnoDB  DEFAULT CHARSET=latin1 AUTO_INCREMENT=32 ;

--
-- Dumping data for table `cheersu_notifications_1`
--

INSERT INTO `cheersu_notifications_1` (`notification_id`, `notification_activity_id`, `notification_user_id`, `notification_status`, `notification_timestamp`, `notification_type`) VALUES
(15, 0, 3, 'read', '2013-01-27 00:42:33', 'acceptance'),
(16, 0, 2, 'read', '2013-01-30 08:00:28', 'acceptance'),
(19, 0, 4, 'read', '2013-02-11 08:46:45', 'acceptance'),
(20, 0, 3, 'read', '2013-05-02 20:51:42', 'poke'),
(21, 0, 3, 'read', '2013-05-02 20:54:54', 'poke'),
(22, 234, 3, 'read', '2013-05-02 22:01:25', 'like'),
(23, 227, 3, 'read', '2013-05-02 22:09:21', 'like'),
(24, 227, 3, 'read', '2013-05-02 22:10:29', 'comment'),
(25, 0, 4, 'read', '2013-05-03 06:11:59', 'poke'),
(26, 236, 4, 'read', '2013-05-03 06:14:30', 'tag'),
(27, 237, 3, 'read', '2013-05-04 07:19:29', 'like'),
(28, 237, 3, 'read', '2013-05-04 18:54:17', 'like'),
(29, 0, 4, 'read', '2013-05-05 15:30:06', 'poke'),
(30, 237, 4, 'read', '2013-05-05 15:46:19', 'comment'),
(31, 33, 4, 'read', '2013-05-05 18:21:04', 'clique|like|Test Clique|6');

-- --------------------------------------------------------

--
-- Table structure for table `cheersu_notifications_2`
--

CREATE TABLE IF NOT EXISTS `cheersu_notifications_2` (
  `notification_id` bigint(40) NOT NULL AUTO_INCREMENT,
  `notification_activity_id` bigint(80) NOT NULL,
  `notification_user_id` bigint(60) NOT NULL,
  `notification_status` varchar(20) NOT NULL,
  `notification_timestamp` timestamp NOT NULL DEFAULT CURRENT_TIMESTAMP,
  `notification_type` varchar(60) DEFAULT NULL,
  PRIMARY KEY (`notification_id`)
) ENGINE=InnoDB  DEFAULT CHARSET=latin1 AUTO_INCREMENT=3 ;

--
-- Dumping data for table `cheersu_notifications_2`
--

INSERT INTO `cheersu_notifications_2` (`notification_id`, `notification_activity_id`, `notification_user_id`, `notification_status`, `notification_timestamp`, `notification_type`) VALUES
(1, 222, 1, 'read', '2013-03-31 16:14:00', 'tag'),
(2, 228, 1, 'read', '2013-04-14 20:04:23', 'tag');

-- --------------------------------------------------------

--
-- Table structure for table `cheersu_notifications_3`
--

CREATE TABLE IF NOT EXISTS `cheersu_notifications_3` (
  `notification_id` bigint(40) NOT NULL AUTO_INCREMENT,
  `notification_activity_id` bigint(80) NOT NULL,
  `notification_user_id` bigint(60) NOT NULL,
  `notification_status` varchar(20) NOT NULL DEFAULT 'unread',
  `notification_timestamp` timestamp NOT NULL DEFAULT CURRENT_TIMESTAMP,
  `notification_type` varchar(60) DEFAULT NULL,
  PRIMARY KEY (`notification_id`)
) ENGINE=InnoDB  DEFAULT CHARSET=latin1 AUTO_INCREMENT=37 ;

--
-- Dumping data for table `cheersu_notifications_3`
--

INSERT INTO `cheersu_notifications_3` (`notification_id`, `notification_activity_id`, `notification_user_id`, `notification_status`, `notification_timestamp`, `notification_type`) VALUES
(1, 220, 1, 'read', '2013-03-31 14:15:40', 'tag'),
(2, 223, 1, 'read', '2013-03-31 16:15:12', 'tag'),
(3, 224, 1, 'read', '2013-03-31 16:15:43', 'tag'),
(4, 226, 1, 'read', '2013-04-02 06:38:25', 'tag'),
(5, 0, 1, 'read', '2013-05-02 20:11:30', 'poke'),
(6, 0, 1, 'read', '2013-05-02 20:21:01', 'poke'),
(7, 235, 1, 'read', '2013-05-02 21:42:41', 'like'),
(8, 235, 1, 'read', '2013-05-02 21:46:43', 'comment'),
(9, 159, 1, 'read', '2013-05-03 06:01:03', 'like'),
(10, 236, 4, 'read', '2013-05-03 06:14:30', 'tag'),
(11, 159, 1, 'read', '2013-05-03 13:29:24', 'comment'),
(12, 16, 1, 'read', '2013-05-03 19:53:00', 'clique|like|random|1'),
(13, 16, 1, 'read', '2013-05-03 19:56:22', 'clique|comment|random|1'),
(14, 16, 1, 'read', '2013-05-03 19:56:45', 'clique|comment|random|1'),
(15, 16, 1, 'read', '2013-05-03 20:00:02', 'clique|comment|random|1'),
(16, 16, 1, 'read', '2013-05-03 20:00:03', 'clique|comment|random|1'),
(17, 16, 1, 'read', '2013-05-03 20:00:56', 'clique|comment|random|1'),
(18, 16, 1, 'read', '2013-05-03 20:02:19', 'clique|comment|random|1'),
(19, 16, 1, 'read', '2013-05-03 20:04:13', 'clique|comment|random|1'),
(20, 16, 1, 'read', '2013-05-03 20:05:01', 'clique|comment|random|1'),
(21, 16, 1, 'read', '2013-05-03 20:06:19', 'clique|comment|random|1'),
(22, 16, 1, 'read', '2013-05-03 20:07:07', 'clique|comment|random|1'),
(23, 21, 1, 'read', '2013-05-03 20:07:21', 'clique|comment|random|1'),
(24, 16, 1, 'read', '2013-05-03 21:23:45', 'clique|like|random|1'),
(25, 235, 1, 'read', '2013-05-04 07:06:13', 'like'),
(26, 0, 1, 'read', '2013-05-04 07:35:15', 'poke'),
(27, 0, 1, 'read', '2013-05-04 07:35:21', 'poke'),
(28, 0, 1, 'read', '2013-05-04 07:35:50', 'poke'),
(29, 0, 1, 'read', '2013-05-04 07:36:15', 'poke'),
(30, 0, 1, 'read', '2013-05-04 07:36:25', 'poke'),
(31, 22, 1, 'read', '2013-05-04 09:07:34', 'clique|like|random|1'),
(32, 235, 1, 'unread', '2013-05-05 20:26:22', 'like'),
(33, 235, 1, 'unread', '2013-05-05 20:29:32', 'comment'),
(34, 235, 1, 'unread', '2013-05-05 20:29:36', 'comment'),
(35, 242, 1, 'unread', '2013-08-13 14:48:16', 'tag'),
(36, 0, 1, 'unread', '2013-08-13 15:07:07', 'clique|ownpost|Test Clique|6');

-- --------------------------------------------------------

--
-- Table structure for table `cheersu_notifications_4`
--

CREATE TABLE IF NOT EXISTS `cheersu_notifications_4` (
  `notification_id` bigint(40) NOT NULL AUTO_INCREMENT,
  `notification_activity_id` bigint(80) NOT NULL,
  `notification_user_id` bigint(60) NOT NULL,
  `notification_status` varchar(20) NOT NULL DEFAULT 'unread',
  `notification_timestamp` timestamp NOT NULL DEFAULT CURRENT_TIMESTAMP,
  `notification_type` varchar(60) DEFAULT NULL,
  PRIMARY KEY (`notification_id`)
) ENGINE=InnoDB  DEFAULT CHARSET=latin1 AUTO_INCREMENT=166 ;

--
-- Dumping data for table `cheersu_notifications_4`
--

INSERT INTO `cheersu_notifications_4` (`notification_id`, `notification_activity_id`, `notification_user_id`, `notification_status`, `notification_timestamp`, `notification_type`) VALUES
(1, 28, 3, 'read', '2013-01-15 21:59:38', NULL),
(2, 29, 3, 'read', '2013-01-15 21:59:44', NULL),
(3, 30, 3, 'read', '2013-01-15 22:04:04', NULL),
(4, 37, 3, 'read', '2013-01-16 18:59:45', NULL),
(5, 38, 3, 'read', '2013-01-16 19:13:45', NULL),
(6, 39, 3, 'read', '2013-01-16 19:16:04', NULL),
(7, 40, 1, 'read', '2013-01-16 23:06:19', NULL),
(8, 41, 1, 'read', '2013-01-16 23:06:31', NULL),
(9, 42, 1, 'read', '2013-01-16 23:30:55', NULL),
(10, 43, 3, 'read', '2013-01-17 07:07:27', NULL),
(11, 44, 3, 'read', '2013-01-17 08:43:52', NULL),
(12, 45, 1, 'read', '2013-01-17 12:16:33', NULL),
(13, 46, 1, 'read', '2013-01-17 12:16:45', NULL),
(14, 47, 1, 'read', '2013-01-17 12:17:09', NULL),
(15, 48, 1, 'read', '2013-01-18 20:39:29', NULL),
(16, 49, 1, 'read', '2013-01-18 20:39:51', NULL),
(17, 50, 1, 'read', '2013-01-18 20:39:54', NULL),
(18, 51, 1, 'read', '2013-01-18 20:40:58', NULL),
(19, 52, 1, 'read', '2013-01-19 00:17:45', NULL),
(20, 53, 1, 'read', '2013-01-19 00:18:09', NULL),
(21, 54, 1, 'read', '2013-01-19 00:19:58', NULL),
(22, 55, 1, 'read', '2013-01-19 00:21:00', NULL),
(23, 56, 1, 'read', '2013-01-19 00:22:09', NULL),
(24, 57, 1, 'read', '2013-01-19 00:22:21', NULL),
(25, 58, 1, 'read', '2013-01-19 00:22:30', NULL),
(26, 59, 1, 'read', '2013-01-19 00:25:52', NULL),
(27, 60, 1, 'read', '2013-01-19 00:25:58', NULL),
(28, 61, 1, 'read', '2013-01-19 00:26:02', NULL),
(29, 62, 1, 'read', '2013-01-19 01:02:30', NULL),
(30, 63, 1, 'read', '2013-01-19 01:03:15', NULL),
(31, 64, 1, 'read', '2013-01-19 01:04:06', NULL),
(32, 65, 1, 'read', '2013-01-19 08:16:37', NULL),
(33, 66, 1, 'read', '2013-01-19 09:19:26', NULL),
(34, 67, 1, 'read', '2013-01-19 09:21:04', NULL),
(35, 68, 1, 'read', '2013-01-19 10:19:57', NULL),
(36, 69, 1, 'read', '2013-01-19 10:21:53', NULL),
(37, 70, 1, 'read', '2013-01-19 12:04:51', NULL),
(38, 71, 1, 'read', '2013-01-19 12:05:32', NULL),
(39, 72, 1, 'read', '2013-01-19 12:05:48', NULL),
(40, 73, 1, 'read', '2013-01-19 12:06:19', NULL),
(41, 74, 1, 'read', '2013-01-19 12:06:44', NULL),
(42, 75, 1, 'read', '2013-01-19 12:07:02', NULL),
(43, 76, 1, 'read', '2013-01-19 12:07:20', NULL),
(44, 77, 1, 'read', '2013-01-19 12:07:36', NULL),
(45, 78, 1, 'read', '2013-01-19 12:09:33', NULL),
(46, 79, 1, 'read', '2013-01-19 12:10:45', NULL),
(47, 80, 1, 'read', '2013-01-20 21:26:06', NULL),
(48, 81, 1, 'read', '2013-01-20 22:11:15', NULL),
(49, 82, 1, 'read', '2013-01-20 22:12:05', NULL),
(50, 83, 1, 'read', '2013-01-21 00:49:48', NULL),
(51, 84, 1, 'read', '2013-01-21 00:50:06', NULL),
(52, 85, 1, 'read', '2013-01-21 01:10:20', NULL),
(53, 86, 1, 'read', '2013-01-21 17:49:45', NULL),
(54, 87, 1, 'read', '2013-01-21 17:49:59', NULL),
(55, 88, 1, 'read', '2013-01-21 17:51:02', NULL),
(56, 89, 1, 'read', '2013-01-21 17:51:08', NULL),
(57, 90, 1, 'read', '2013-01-21 17:51:17', NULL),
(58, 91, 1, 'read', '2013-01-21 21:21:40', NULL),
(59, 92, 1, 'read', '2013-01-21 21:23:45', NULL),
(60, 93, 1, 'read', '2013-01-21 21:24:41', NULL),
(61, 94, 1, 'read', '2013-01-21 21:25:50', NULL),
(62, 95, 1, 'read', '2013-01-21 21:26:33', NULL),
(63, 96, 1, 'read', '2013-01-21 21:32:16', NULL),
(64, 97, 1, 'read', '2013-01-21 21:33:06', NULL),
(65, 98, 1, 'read', '2013-01-21 21:33:19', NULL),
(66, 99, 1, 'read', '2013-01-21 21:33:21', NULL),
(67, 100, 1, 'read', '2013-01-21 21:33:35', NULL),
(68, 101, 1, 'read', '2013-01-21 21:36:35', NULL),
(69, 102, 1, 'read', '2013-01-21 21:37:39', NULL),
(70, 103, 1, 'read', '2013-01-21 21:38:26', NULL),
(71, 104, 1, 'read', '2013-01-21 21:38:31', NULL),
(72, 105, 1, 'read', '2013-01-21 21:39:30', NULL),
(73, 106, 1, 'read', '2013-01-21 21:39:34', NULL),
(74, 107, 1, 'read', '2013-01-21 21:39:47', NULL),
(75, 108, 1, 'read', '2013-01-21 21:39:52', NULL),
(76, 109, 1, 'read', '2013-01-21 21:39:56', NULL),
(77, 110, 1, 'read', '2013-01-21 21:39:59', NULL),
(78, 111, 1, 'read', '2013-01-21 21:48:44', NULL),
(79, 112, 1, 'read', '2013-01-21 21:59:45', NULL),
(80, 113, 1, 'read', '2013-01-21 22:00:45', NULL),
(81, 114, 1, 'read', '2013-01-21 22:00:55', NULL),
(82, 115, 1, 'read', '2013-01-21 22:00:59', NULL),
(83, 116, 1, 'read', '2013-01-22 03:47:10', NULL),
(84, 117, 1, 'read', '2013-01-22 04:23:35', NULL),
(85, 118, 1, 'read', '2013-01-22 05:25:35', NULL),
(86, 119, 1, 'read', '2013-01-22 05:28:29', NULL),
(87, 120, 1, 'read', '2013-01-22 05:28:48', NULL),
(88, 121, 1, 'read', '2013-01-22 05:29:02', NULL),
(89, 122, 1, 'read', '2013-01-22 05:29:38', NULL),
(90, 125, 1, 'read', '2013-01-22 05:33:06', NULL),
(91, 127, 1, 'read', '2013-01-22 07:30:00', NULL),
(92, 128, 1, 'read', '2013-01-22 07:38:17', NULL),
(93, 129, 1, 'read', '2013-01-22 18:28:36', NULL),
(94, 130, 1, 'read', '2013-01-22 18:28:58', NULL),
(95, 131, 1, 'read', '2013-01-23 02:32:46', NULL),
(96, 132, 1, 'read', '2013-01-23 02:32:53', NULL),
(97, 0, 3, 'read', '2013-03-11 21:17:40', 'acceptance'),
(98, 219, 1, 'read', '2013-03-31 14:13:22', 'tag'),
(99, 220, 1, 'read', '2013-03-31 14:15:40', 'tag'),
(100, 221, 1, 'read', '2013-03-31 15:43:32', 'tag'),
(101, 223, 1, 'read', '2013-03-31 16:15:12', 'tag'),
(102, 224, 1, 'read', '2013-03-31 16:15:43', 'tag'),
(103, 225, 1, 'read', '2013-03-31 16:17:09', 'tag'),
(104, 228, 1, 'read', '2013-04-14 20:04:23', 'tag'),
(105, 0, 1, 'read', '2013-05-03 06:10:48', 'poke'),
(106, 0, 1, 'read', '2013-05-03 06:12:37', 'poke'),
(107, 0, 1, 'read', '2013-05-03 06:12:43', 'poke'),
(108, 236, 1, 'read', '2013-05-03 06:52:30', 'like'),
(109, 236, 1, 'read', '2013-05-03 06:59:00', 'like'),
(110, 236, 1, 'read', '2013-05-03 10:04:09', 'comment'),
(111, 236, 1, 'read', '2013-05-03 10:04:11', 'comment'),
(112, 236, 1, 'read', '2013-05-03 10:04:12', 'comment'),
(113, 4, 1, 'read', '2013-05-03 20:39:02', 'clique|comment|random'),
(114, 4, 1, 'read', '2013-05-03 21:23:36', 'clique|like|random|1'),
(115, 236, 1, 'read', '2013-05-04 07:04:43', 'like'),
(116, 236, 3, 'read', '2013-05-04 07:08:09', 'like'),
(117, 236, 1, 'read', '2013-05-05 15:58:16', 'comment'),
(118, 236, 1, 'read', '2013-05-05 15:58:31', 'comment'),
(119, 236, 1, 'read', '2013-05-05 15:59:05', 'comment'),
(120, 34, 1, 'read', '2013-05-05 18:22:06', 'clique|like|Test Clique|6'),
(121, 238, 1, 'read', '2013-05-05 18:23:03', 'comment'),
(122, 34, 1, 'read', '2013-05-05 18:23:35', 'clique|comment|Test Clique|6'),
(123, 34, 1, 'read', '2013-05-05 18:23:38', 'clique|comment|Test Clique|6'),
(124, 34, 1, 'read', '2013-05-05 18:23:40', 'clique|comment|Test Clique|6'),
(125, 34, 1, 'read', '2013-05-05 18:23:41', 'clique|comment|Test Clique|6'),
(126, 34, 1, 'read', '2013-05-05 18:23:42', 'clique|comment|Test Clique|6'),
(127, 34, 1, 'read', '2013-05-05 18:23:43', 'clique|comment|Test Clique|6'),
(128, 34, 1, 'read', '2013-05-05 19:37:39', 'clique|comment|Test Clique|6'),
(129, 34, 1, 'read', '2013-05-05 19:43:59', 'clique|comment|Test Clique|6'),
(130, 34, 1, 'read', '2013-05-05 19:44:33', 'clique|comment|Test Clique|6'),
(131, 238, 1, 'read', '2013-05-05 19:45:03', 'comment'),
(132, 238, 1, 'read', '2013-05-05 19:45:37', 'comment'),
(133, 238, 1, 'read', '2013-05-05 19:46:08', 'comment'),
(134, 238, 1, 'read', '2013-05-05 19:46:42', 'comment'),
(135, 238, 1, 'read', '2013-05-05 19:47:30', 'comment'),
(136, 238, 1, 'read', '2013-05-05 19:48:22', 'comment'),
(137, 238, 1, 'read', '2013-05-05 19:50:10', 'comment'),
(138, 238, 1, 'read', '2013-05-05 19:50:15', 'comment'),
(139, 238, 1, 'read', '2013-05-05 19:52:05', 'comment'),
(140, 236, 1, 'read', '2013-05-05 19:54:47', 'comment'),
(141, 236, 1, 'read', '2013-05-05 19:55:23', 'comment'),
(142, 236, 1, 'read', '2013-05-05 19:57:16', 'comment'),
(143, 238, 1, 'read', '2013-05-05 19:59:41', 'comment'),
(144, 238, 1, 'read', '2013-05-05 20:09:52', 'comment'),
(145, 238, 1, 'read', '2013-05-05 20:23:45', 'like'),
(146, 238, 1, 'read', '2013-05-05 20:53:55', 'like'),
(147, 238, 1, 'read', '2013-05-06 05:47:31', 'comment'),
(148, 238, 1, 'read', '2013-05-06 05:47:34', 'comment'),
(149, 238, 1, 'read', '2013-05-06 05:47:36', 'comment'),
(150, 238, 1, 'read', '2013-05-06 05:47:37', 'comment'),
(151, 238, 1, 'read', '2013-05-06 06:02:19', 'comment'),
(152, 239, 1, 'read', '2013-05-06 07:26:20', 'tag'),
(153, 238, 1, 'read', '2013-05-06 07:33:00', 'comment'),
(154, 238, 1, 'read', '2013-05-06 07:33:01', 'comment'),
(155, 238, 1, 'read', '2013-05-06 07:33:03', 'comment'),
(156, 238, 1, 'read', '2013-05-06 07:33:05', 'comment'),
(157, 238, 1, 'read', '2013-05-06 07:33:21', 'comment'),
(158, 0, 1, 'read', '2013-05-08 19:25:38', 'clique|ownpost|bokchod|7'),
(159, 0, 1, 'read', '2013-05-08 19:41:06', 'clique|owncheckin|bokchod|7'),
(160, 0, 1, 'read', '2013-05-08 20:00:20', 'clique|ownphoto|bokchod|7'),
(161, 0, 1, 'read', '2013-05-08 20:01:23', 'clique|ownphoto|bokchod|7'),
(162, 238, 1, 'read', '2013-05-13 09:11:38', 'like'),
(163, 238, 1, 'read', '2013-05-13 09:18:00', 'like'),
(164, 238, 1, 'read', '2013-05-13 09:18:09', 'like'),
(165, 242, 1, 'unread', '2013-08-13 14:48:16', 'tag');

-- --------------------------------------------------------

--
-- Table structure for table `cheersu_notifications_8`
--

CREATE TABLE IF NOT EXISTS `cheersu_notifications_8` (
  `notification_id` bigint(40) NOT NULL AUTO_INCREMENT,
  `notification_activity_id` bigint(80) NOT NULL,
  `notification_user_id` bigint(60) NOT NULL,
  `notification_status` varchar(20) NOT NULL DEFAULT 'unread',
  `notification_timestamp` timestamp NOT NULL DEFAULT CURRENT_TIMESTAMP,
  `notification_type` varchar(60) DEFAULT NULL,
  PRIMARY KEY (`notification_id`)
) ENGINE=InnoDB DEFAULT CHARSET=latin1 AUTO_INCREMENT=1 ;

-- --------------------------------------------------------

--
-- Table structure for table `cheersu_notifications_11`
--

CREATE TABLE IF NOT EXISTS `cheersu_notifications_11` (
  `notification_id` bigint(40) NOT NULL AUTO_INCREMENT,
  `notification_activity_id` bigint(80) NOT NULL,
  `notification_user_id` bigint(60) NOT NULL,
  `notification_status` varchar(20) NOT NULL DEFAULT 'unread',
  `notification_type` varchar(60) DEFAULT NULL,
  `notification_timestamp` timestamp NOT NULL DEFAULT CURRENT_TIMESTAMP,
  PRIMARY KEY (`notification_id`)
) ENGINE=InnoDB DEFAULT CHARSET=latin1 AUTO_INCREMENT=1 ;

-- --------------------------------------------------------

--
-- Table structure for table `cheersu_pokes`
--

CREATE TABLE IF NOT EXISTS `cheersu_pokes` (
  `poke_id` int(12) NOT NULL AUTO_INCREMENT,
  `poke_from` int(12) NOT NULL,
  `poke_to` int(12) NOT NULL,
  `poke_timestamp` timestamp NOT NULL DEFAULT CURRENT_TIMESTAMP,
  PRIMARY KEY (`poke_id`)
) ENGINE=InnoDB  DEFAULT CHARSET=latin1 AUTO_INCREMENT=15 ;

--
-- Dumping data for table `cheersu_pokes`
--

INSERT INTO `cheersu_pokes` (`poke_id`, `poke_from`, `poke_to`, `poke_timestamp`) VALUES
(1, 1, 3, '2013-05-02 20:11:30'),
(2, 1, 3, '2013-05-02 20:21:01'),
(3, 3, 1, '2013-05-02 20:51:41'),
(4, 3, 1, '2013-05-02 20:54:54'),
(5, 1, 4, '2013-05-03 06:10:48'),
(6, 4, 1, '2013-05-03 06:11:59'),
(7, 1, 4, '2013-05-03 06:12:37'),
(8, 1, 4, '2013-05-03 06:12:42'),
(9, 1, 3, '2013-05-04 07:35:15'),
(10, 1, 3, '2013-05-04 07:35:21'),
(11, 1, 3, '2013-05-04 07:35:50'),
(12, 1, 3, '2013-05-04 07:36:15'),
(13, 1, 3, '2013-05-04 07:36:25'),
(14, 4, 1, '2013-05-05 15:30:06');

-- --------------------------------------------------------

--
-- Table structure for table `cheersu_reservations`
--

CREATE TABLE IF NOT EXISTS `cheersu_reservations` (
  `reservation_id` bigint(100) NOT NULL AUTO_INCREMENT,
  `reservation_user_id` bigint(60) NOT NULL,
  `reservation_venue_id` bigint(60) NOT NULL,
  `reservation_timestamp` timestamp NOT NULL DEFAULT CURRENT_TIMESTAMP,
  PRIMARY KEY (`reservation_id`)
) ENGINE=InnoDB  DEFAULT CHARSET=latin1 AUTO_INCREMENT=15 ;

--
-- Dumping data for table `cheersu_reservations`
--

INSERT INTO `cheersu_reservations` (`reservation_id`, `reservation_user_id`, `reservation_venue_id`, `reservation_timestamp`) VALUES
(1, 1, 52, '2013-03-28 07:25:12'),
(2, 1, 51, '2013-03-28 07:25:17'),
(3, 1, 55, '2013-03-28 07:25:21'),
(4, 1, 58, '2013-03-28 07:25:25'),
(5, 1, 51, '2013-03-28 12:02:50'),
(6, 1, 52, '2013-03-28 12:10:13'),
(7, 1, 51, '2013-03-28 12:16:02'),
(8, 1, 52, '2013-03-28 12:16:08'),
(9, 1, 51, '2013-03-28 12:17:49'),
(10, 1, 52, '2013-03-28 12:51:55'),
(11, 1, 60, '2013-03-28 12:51:58'),
(12, 1, 52, '2013-04-24 10:02:13'),
(13, 1, 54, '2013-08-13 19:08:54'),
(14, 1, 51, '2013-10-24 19:35:37');

-- --------------------------------------------------------

--
-- Table structure for table `cheersu_schools`
--

CREATE TABLE IF NOT EXISTS `cheersu_schools` (
  `school_id` bigint(40) NOT NULL AUTO_INCREMENT,
  `school_name` varchar(40) NOT NULL,
  `school_state` varchar(40) NOT NULL,
  `school_address` varchar(80) NOT NULL,
  `school_postal_address` varchar(60) NOT NULL,
  `school_latitude` double NOT NULL,
  `school_longitude` double NOT NULL,
  PRIMARY KEY (`school_id`)
) ENGINE=InnoDB  DEFAULT CHARSET=latin1 AUTO_INCREMENT=260 ;

--
-- Dumping data for table `cheersu_schools`
--

INSERT INTO `cheersu_schools` (`school_id`, `school_name`, `school_state`, `school_address`, `school_postal_address`, `school_latitude`, `school_longitude`) VALUES
(0, 'Dummy', '"Dummy"', '"Dummy"', '', 0, 0),
(1, 'Villanova University', '39', 'PA', '', 0, 0),
(2, 'Marist College', '33', 'NY', '', 0, 0),
(3, 'Sacred Heart University', '7', 'CT', '', 0, 0),
(4, 'Providence College', '40', 'RI', '', 0, 0),
(5, 'University of Tennessee Knoxville', '43', 'T', '', 0, 0),
(6, 'University of Vermont', '46', 'VT', '', 0, 0),
(7, 'Lehigh University', '39', 'PA', '', 0, 0),
(8, 'University of Delaware', '8', 'DE', '', 0, 0),
(9, 'University of Alabama', '1', 'AL', '', 0, 0),
(10, 'Alabama State University', '1', 'AL', '', 0, 0),
(11, 'Auburn University', '1', 'AL', '', 0, 0),
(12, 'University of Alaska Anchorage', '2', 'AK', '', 0, 0),
(13, 'University of Alaska Fairbanks', '2', 'AK', '', 0, 0),
(14, 'University of Arizona', '3', 'AZ', '', 0, 0),
(15, 'Arizona State University', '3', 'AZ', '', 0, 0),
(16, 'Northern Arizona University', '3', 'AZ', '', 0, 0),
(17, 'Arkansas State University', '4', 'AR', '', 0, 0),
(18, 'University of Arkansas- Fayetteville', '4', 'AR', '', 0, 0),
(19, 'California State University', '5', 'CA', '', 0, 0),
(20, 'San Diego State University', '5', 'CA', '', 0, 0),
(21, 'San Jose State University', '5', 'CA', '', 0, 0),
(22, 'University of California Berkley', '5', 'CA', '', 0, 0),
(23, 'University of California Los Angeles', '5', 'CA', '', 0, 0),
(24, 'University of California Riverside', '5', 'CA', '', 0, 0),
(25, 'University of California San Diego', '5', 'CA', '', 0, 0),
(26, 'University of California San Franisisco', '5', 'CA', '', 0, 0),
(27, 'University of California Santa Barbara', '5', 'CA', '', 0, 0),
(28, 'University of Southern California', '5', 'CA', '', 0, 0),
(29, 'University of Colorado', '6', 'CO', '', 0, 0),
(30, 'University of Colorado Boulder', '6', 'CO', '', 0, 0),
(31, 'Colorado State University', '6', 'CO', '', 0, 0),
(32, 'University of Connecticut', '7', 'CT', '', 0, 0),
(33, 'Fairfield University', '7', 'CT', '', 0, 0),
(34, 'Quinnipiac University', '7', 'CT', '', 0, 0),
(37, 'Delaware State University', '8', 'DE', '', 0, 0),
(38, 'District of Columbia', '8', 'DE', '', 0, 0),
(39, 'Georgetown University', '8', 'DE', '', 0, 0),
(40, 'American University', '8', 'DE', '', 0, 0),
(41, 'Florida A&M University', '10', 'FL', '', 0, 0),
(42, 'Florida Atlantic University', '10', 'FL', '', 0, 0),
(43, 'Florida International University', '10', 'FL', '', 0, 0),
(44, 'Florida State University', '10', 'FL', '', 0, 0),
(45, 'University of Central Florida', '10', 'FL', '', 0, 0),
(46, 'University of Miami', '10', 'FL', '', 0, 0),
(47, 'University of Florida', '10', 'FL', '', 0, 0),
(48, 'University of North Florida', '10', 'FL', '', 0, 0),
(49, 'University of South Florida', '10', 'FL', '', 0, 0),
(50, 'University of Central Florida', '10', 'FL', '', 0, 0),
(51, 'Albany State University', '11', 'GA', '', 0, 0),
(52, 'University of Georgia', '11', 'GA', '', 0, 0),
(53, 'Georgia State University', '11', 'GA', '', 0, 0),
(54, 'Savannah State University', '11', 'GA', '', 0, 0),
(55, 'University of West Georgia', '11', 'GA', '', 0, 0),
(56, 'University of Hawaii', '12', 'HI', '', 0, 0),
(57, 'Boise State University', '13', 'ID', '', 0, 0),
(58, 'University of Idaho', '13', 'ID', '', 0, 0),
(59, 'Idaho State University', '13', 'ID', '', 0, 0),
(60, 'Chicago State University', '14', 'IL', '', 0, 0),
(61, 'Eastern Illinois University', '14', 'IL', '', 0, 0),
(62, 'Illinois State University', '14', 'IL', '', 0, 0),
(63, 'University of Chicago', '14', 'IL', '', 0, 0),
(64, 'Northwestern University', '14', 'IL', '', 0, 0),
(65, 'University of Illinois at Chicago', '14', 'IL', '', 0, 0),
(66, 'Ball State University', '15', 'I', '', 0, 0),
(67, 'Indiana University', '15', 'I', '', 0, 0),
(68, 'Indiana State University', '15', 'I', '', 0, 0),
(69, 'University of Notre Dame', '15', 'I', '', 0, 0),
(70, 'St. Mary’s College', '15', 'I', '', 0, 0),
(71, 'Purdue University', '15', 'I', '', 0, 0),
(72, 'Indiana University Purdue University Ind', '15', 'I', '', 0, 0),
(73, 'University of Iowa', '16', 'IA', '', 0, 0),
(75, 'University of Northern Iowa', '16', 'IA', '', 0, 0),
(76, 'University of Kansas', '17', 'KS', '', 0, 0),
(77, 'Kansas State University', '17', 'KS', '', 0, 0),
(78, 'Wichita State University', '17', 'KS', '', 0, 0),
(79, 'University of Kentucky', '18', 'KY', '', 0, 0),
(80, 'Kentucky State University', '18', 'KY', '', 0, 0),
(81, 'University of Louisville', '18', 'KY', '', 0, 0),
(82, 'Morehead State University', '18', 'KY', '', 0, 0),
(83, 'Murray State University', '18', 'KY', '', 0, 0),
(84, 'Eastern Kentucky University ', '18', 'KY', '', 0, 0),
(85, 'Western Kentucky University', '18', 'KY', '', 0, 0),
(86, 'Louisiana State University', '19', 'LA', '', 0, 0),
(87, 'Tulane University', '19', 'LA', '', 0, 0),
(88, 'Xavier University of Louisiana', '19', 'LA', '', 0, 0),
(89, 'University of Louisiana', '19', 'LA', '', 0, 0),
(90, 'University of New Orleans', '19', 'LA', '', 0, 0),
(91, 'Louisiana Tech University', '19', 'LA', '', 0, 0),
(92, 'Northwestern State University', '19', 'LA', '', 0, 0),
(93, 'University of Maine', '20', 'ME', '', 0, 0),
(94, 'Bowdoin College', '20', 'ME', '', 0, 0),
(95, 'St. Mary’s College of Maryland', '21', 'MD', '', 0, 0),
(96, 'Towson University', '21', 'MD', '', 0, 0),
(97, 'University of Maryland', '21', 'MD', '', 0, 0),
(98, 'University of Maryland Baltimore', '21', 'MD', '', 0, 0),
(99, 'University of Maryland Baltimore County', '21', 'MD', '', 0, 0),
(100, 'Loyola University', '21', 'MD', '', 0, 0),
(101, 'Johns Hopkins University', '21', 'MD', '', 0, 0),
(102, 'Salisbury University', '21', 'MD', '', 0, 0),
(103, 'Babson College', '22', 'MA', '', 0, 0),
(104, 'University of Massachusetts Amherst', '22', 'MA', '', 0, 0),
(105, 'Bentley University', '22', 'MA', '', 0, 0),
(106, 'Boston College', '22', 'MA', '', 0, 0),
(107, 'Boston University', '22', 'MA', '', 0, 0),
(108, 'Brandeis University', '22', 'MA', '', 0, 0),
(109, 'Northeastern University', '22', 'MA', '', 0, 0),
(110, 'College of Holy Cross', '22', 'MA', '', 0, 0),
(111, 'Emerson College', '22', 'MA', '', 0, 0),
(112, 'Harvard University', '22', 'MA', '', 0, 0),
(113, 'Massachusetts Institute of Technology', '22', 'MA', '', 0, 0),
(114, 'Tufts University', '22', 'MA', '', 0, 0),
(115, 'Suffolk University', '22', 'MA', '', 0, 0),
(116, 'Central Michigan University', '23', 'MI', '', 0, 0),
(117, 'Eastern Michigan University', '23', 'MI', '', 0, 0),
(118, 'University of Michigan', '23', 'MI', '', 0, 0),
(119, 'Michigan State University', '23', 'MI', '', 0, 0),
(120, 'Minnesota State University', '24', 'M', '', 0, 0),
(121, 'University of Minnesota', '24', 'M', '', 0, 0),
(122, 'Jackson State University', '25', 'MS', '', 0, 0),
(123, 'Mississippi State University', '25', 'MS', '', 0, 0),
(124, 'University of Mississippi', '25', 'MS', '', 0, 0),
(125, 'University of Missouri', '26', 'MO', '', 0, 0),
(126, 'Missouri State University', '26', 'MO', '', 0, 0),
(127, 'St. Louis University', '26', 'MO', '', 0, 0),
(128, 'Montana State University', '27', 'MT', '', 0, 0),
(129, 'University of Montana', '27', 'MT', '', 0, 0),
(130, 'Nebraska State College', '28', 'NE', '', 0, 0),
(131, 'University of Nebraska', '28', 'NE', '', 0, 0),
(132, 'Creighton University', '28', 'NE', '', 0, 0),
(133, 'Nevada State College', '29', 'NV', '', 0, 0),
(134, 'University of Nevada Las Vegas', '29', 'NV', '', 0, 0),
(135, 'University of Nevada Reno', '29', 'NV', '', 0, 0),
(136, 'University of New Hampshire', '30', 'NH', '', 0, 0),
(137, 'Dartmouth College', '30', 'NH', '', 0, 0),
(138, 'St. Anselm', '30', 'NH', '', 0, 0),
(139, 'Kean University', '31', 'NJ', '', 0, 0),
(140, 'The College of New Jersey', '31', 'NJ', '', 0, 0),
(141, 'Rutgers University', '31', 'NJ', '', 0, 0),
(142, 'Montclair State University', '31', 'NJ', '', 0, 0),
(143, 'New Jersey Institute of Technology', '31', 'NJ', '', 0, 0),
(144, 'Ramapo College of New Jersey', '31', 'NJ', '', 0, 0),
(145, 'Rowan University', '31', 'NJ', '', 0, 0),
(146, 'Princeton University', '31', 'NJ', '', 0, 0),
(147, 'Monmouth University', '31', 'NJ', '', 0, 0),
(148, 'Rider University', '31', 'NJ', '', 0, 0),
(149, 'Seton Hall University', '31', 'NJ', '', 0, 0),
(150, 'Stevens Institute of Technology', '31', 'NJ', '', 0, 0),
(151, 'University of New Mexico', '32', 'NM', '', 0, 0),
(152, 'New Mexico State University', '32', 'NM', '', 0, 0),
(153, 'New York University', '33', 'NY', '', 0, 0),
(154, 'Fordham University', '33', 'NY', '', 0, 0),
(155, 'Manhattan College', '33', 'NY', '', 0, 0),
(156, 'Syracuse University', '33', 'NY', '', 0, 0),
(157, 'Iona College', '33', 'NY', '', 0, 0),
(158, 'University of Albany', '33', 'NY', '', 0, 0),
(159, 'Stony Brook University', '33', 'NY', '', 0, 0),
(160, 'Binghamton University', '33', 'NY', '', 0, 0),
(162, 'Cornell University', '33', 'NY', '', 0, 0),
(163, 'Colgate University', '33', 'NY', '', 0, 0),
(164, 'Hofstra University', '33', 'NY', '', 0, 0),
(165, 'University of North Carolina Chapel Hill', '34', 'NC', '', 0, 0),
(166, 'University of North Carolina Greensboro', '34', 'NC', '', 0, 0),
(167, 'University of North Carolina Wilmington', '34', 'NC', '', 0, 0),
(168, 'University of North Carolina Charlotte', '34', 'NC', '', 0, 0),
(169, 'Duke University', '34', 'NC', '', 0, 0),
(170, 'High Point University', '34', 'NC', '', 0, 0),
(171, 'Wake Forrest University', '34', 'NC', '', 0, 0),
(172, 'North Dakota State University', '35', 'ND', '', 0, 0),
(173, 'University of North Dakota', '35', 'ND', '', 0, 0),
(174, 'University of Akron', '36', 'OH', '', 0, 0),
(175, 'University of Cincinnati', '36', 'OH', '', 0, 0),
(176, 'Miami University', '36', 'OH', '', 0, 0),
(177, 'Cleveland State University', '36', 'OH', '', 0, 0),
(178, 'Kent State University', '36', 'OH', '', 0, 0),
(179, 'Xavier College', '36', 'OH', '', 0, 0),
(180, 'Ohio State University', '36', 'OH', '', 0, 0),
(181, 'Ohio University', '36', 'OH', '', 0, 0),
(182, 'University of Toledo', '36', 'OH', '', 0, 0),
(183, 'Bowling Green University', '36', 'OH', '', 0, 0),
(184, 'University of Oklahoma', '37', 'OK', '', 0, 0),
(185, 'Oklahoma State University', '37', 'OK', '', 0, 0),
(186, 'Murray State University ', '37', 'OK', '', 0, 0),
(187, 'Oregon State University', '38', 'OR', '', 0, 0),
(188, 'University of Oregon', '38', 'OR', '', 0, 0),
(190, 'Pennsylvania State University', '39', 'PA', '', 0, 0),
(191, 'Bucknell University', '39', 'PA', '', 0, 0),
(192, 'Saint Joseph’s University', '39', 'PA', '', 0, 0),
(193, 'Temple University', '39', 'PA', '', 0, 0),
(194, 'LaSalle University', '39', 'PA', '', 0, 0),
(195, 'Haverford University', '39', 'PA', '', 0, 0),
(196, 'University of Pennsylvania', '39', 'PA', '', 0, 0),
(197, 'Drexel University', '39', 'PA', '', 0, 0),
(199, 'University of Pittsburgh', '39', 'PA', '', 0, 0),
(200, 'University of Scranton', '39', 'PA', '', 0, 0),
(201, 'Duquesne University', '39', 'PA', '', 0, 0),
(202, 'University of Rhode Island', '40', 'RI', '', 0, 0),
(203, 'Brown University', '40', 'RI', '', 0, 0),
(204, 'Johnson and Wales University', '40', 'RI', '', 0, 0),
(205, 'Providence University', '40', 'RI', '', 0, 0),
(206, 'Rhode Island College', '40', 'RI', '', 0, 0),
(207, 'University of South Carolina', '41', 'SC', '', 0, 0),
(208, 'Clemson University', '41', 'SC', '', 0, 0),
(209, 'Coastal Carolina University', '41', 'SC', '', 0, 0),
(210, 'College of Charleston ', '41', 'SC', '', 0, 0),
(211, 'South Carolina State University', '41', 'SC', '', 0, 0),
(212, 'Dakota State University', '42', 'SD', '', 0, 0),
(213, 'University of South Dakota', '42', 'SD', '', 0, 0),
(214, 'South Dakota State University', '42', 'SD', '', 0, 0),
(215, 'University of Memphis', '43', 'T', '', 0, 0),
(217, 'Vanderbilt University', '43', 'T', '', 0, 0),
(218, 'Tennessee State University', '43', 'T', '', 0, 0),
(219, 'University of Houston', '44', 'TX', '', 0, 0),
(220, 'University of Texas', '44', 'TX', '', 0, 0),
(221, 'Texas A&M University', '44', 'TX', '', 0, 0),
(222, 'Texas Tech University', '44', 'TX', '', 0, 0),
(223, 'Texas State University', '44', 'TX', '', 0, 0),
(224, 'Texas Southern University', '44', 'TX', '', 0, 0),
(225, 'Rice University', '44', 'TX', '', 0, 0),
(226, 'Brigham Young University', '45', 'UT', '', 0, 0),
(227, 'University of Utah', '45', 'UT', '', 0, 0),
(228, 'Utah Valley University', '45', 'UT', '', 0, 0),
(229, 'Southern State University', '45', 'UT', '', 0, 0),
(230, 'Weber State University', '45', 'UT', '', 0, 0),
(232, 'Vermont State University', '46', 'VT', '', 0, 0),
(233, 'Middlebury College', '46', 'VT', '', 0, 0),
(234, 'Norwich University', '46', 'VT', '', 0, 0),
(235, 'George Mason University', '47', 'VA', '', 0, 0),
(236, 'James Madison University', '47', 'VA', '', 0, 0),
(237, 'Norfolk State University', '47', 'VA', '', 0, 0),
(238, 'College of William and Mary', '47', 'VA', '', 0, 0),
(239, 'University of Virginia', '47', 'VA', '', 0, 0),
(240, 'Old Dominion University', '47', 'VA', '', 0, 0),
(241, 'Virginia State University', '47', 'VA', '', 0, 0),
(242, 'Liberty University', '47', 'VA', '', 0, 0),
(243, 'Radford University', '47', 'VA', '', 0, 0),
(244, 'Virginia Tech University', '47', 'VA', '', 0, 0),
(245, 'Catholic University of America', '47', 'VA', '', 0, 0),
(246, 'Central Washington University', '48', 'WA', '', 0, 0),
(247, 'Eastern Washington University', '48', 'WA', '', 0, 0),
(248, 'University of Washington', '48', 'WA', '', 0, 0),
(249, 'Washington State University', '48', 'WA', '', 0, 0),
(250, 'Marshall University', '49', 'WV', '', 0, 0),
(251, 'Mountain State Unversity', '49', 'WV', '', 0, 0),
(252, 'West Virginia State University', '49', 'WV', '', 0, 0),
(253, 'West Virginia University ', '49', 'WV', '', 0, 0),
(254, 'University of Wisconsin', '50', 'WI', '', 0, 0),
(255, 'Wisconsin State University', '50', 'WI', '', 0, 0),
(256, 'Marquette University', '50', 'WI', '', 0, 0),
(257, 'University of Wyoming', '51', 'WY', '', 0, 0),
(259, 'A raondojlkj', '2', '', 'random2', 0, 0);

-- --------------------------------------------------------

--
-- Table structure for table `cheersu_school_requests`
--

CREATE TABLE IF NOT EXISTS `cheersu_school_requests` (
  `school_request_id` int(11) NOT NULL AUTO_INCREMENT,
  `school_request_name` varchar(60) NOT NULL,
  `school_request_state_id` int(5) NOT NULL,
  `school_request_timestamp` timestamp NOT NULL DEFAULT CURRENT_TIMESTAMP,
  `school_request_status` varchar(20) NOT NULL DEFAULT 'pending',
  PRIMARY KEY (`school_request_id`)
) ENGINE=InnoDB  DEFAULT CHARSET=latin1 AUTO_INCREMENT=2 ;

--
-- Dumping data for table `cheersu_school_requests`
--

INSERT INTO `cheersu_school_requests` (`school_request_id`, `school_request_name`, `school_request_state_id`, `school_request_timestamp`, `school_request_status`) VALUES
(1, 'RandomSchool', 1, '2013-01-26 00:49:27', 'pending');

-- --------------------------------------------------------

--
-- Table structure for table `cheersu_social_edges`
--

CREATE TABLE IF NOT EXISTS `cheersu_social_edges` (
  `user_1` bigint(20) NOT NULL,
  `user_2` bigint(20) NOT NULL,
  PRIMARY KEY (`user_1`,`user_2`)
) ENGINE=InnoDB DEFAULT CHARSET=latin1;

--
-- Dumping data for table `cheersu_social_edges`
--

INSERT INTO `cheersu_social_edges` (`user_1`, `user_2`) VALUES
(1, 2),
(1, 3),
(1, 4),
(2, 3),
(3, 4);

-- --------------------------------------------------------

--
-- Table structure for table `cheersu_states`
--

CREATE TABLE IF NOT EXISTS `cheersu_states` (
  `state_id` int(2) NOT NULL AUTO_INCREMENT,
  `state_name` varchar(50) NOT NULL,
  `state_abbr` varchar(10) NOT NULL,
  PRIMARY KEY (`state_id`)
) ENGINE=InnoDB  DEFAULT CHARSET=latin1 AUTO_INCREMENT=52 ;

--
-- Dumping data for table `cheersu_states`
--

INSERT INTO `cheersu_states` (`state_id`, `state_name`, `state_abbr`) VALUES
(1, 'Alabama', 'AL'),
(2, 'Alaska', 'AK'),
(3, 'Arizona', 'AZ'),
(4, 'Arkansas', 'AR'),
(5, 'California', 'CA'),
(6, 'Colorado', 'CO'),
(7, 'Connecticut', 'CT'),
(8, 'Delaware', 'DE'),
(9, 'District of Columbia', 'DC'),
(10, 'Florida', 'FL'),
(11, 'Georgia', 'GA'),
(12, 'Hawaii', 'HI'),
(13, 'Idaho', 'ID'),
(14, 'Illinois', 'IL'),
(15, 'Indiana', 'I'),
(16, 'Iowa', 'IA'),
(17, 'Kansas', 'KS'),
(18, 'Kentucky', 'KY'),
(19, 'Louisiana', 'LA'),
(20, 'Maine', 'ME'),
(21, 'Maryland', 'MD'),
(22, 'Massachusetts', 'MA'),
(23, 'Michigan', 'MI'),
(24, 'Minnesota', 'M'),
(25, 'Mississippi', 'MS'),
(26, 'Missouri', 'MO'),
(27, 'Montana', 'MT'),
(28, 'Nebraska', 'NE'),
(29, 'Nevada', 'NV'),
(30, 'New Hampshire', 'NH'),
(31, 'New Jersey', 'NJ'),
(32, 'New Mexico', 'NM'),
(33, 'New York', 'NY'),
(34, 'North Carolina', 'NC'),
(35, 'North Dakota', 'ND'),
(36, 'Ohio', 'OH'),
(37, 'Oklahoma', 'OK'),
(38, 'Oregon', 'OR'),
(39, 'Pennsylvania', 'PA'),
(40, 'Rhode Island', 'RI'),
(41, 'South Carolina', 'SC'),
(42, 'South Dakota', 'SD'),
(43, 'Tennessee', 'T'),
(44, 'Texas', 'TX'),
(45, 'Utah', 'UT'),
(46, 'Vermont', 'VT'),
(47, 'Virginia', 'VA'),
(48, 'Washington', 'WA'),
(49, 'West Virginia', 'WV'),
(50, 'Wisconsin', 'WI'),
(51, 'Wyoming', 'WY');

-- --------------------------------------------------------

--
-- Table structure for table `cheersu_users`
--

CREATE TABLE IF NOT EXISTS `cheersu_users` (
  `user_id` bigint(100) NOT NULL AUTO_INCREMENT,
  `user_firstname` varchar(40) NOT NULL,
  `user_lastname` varchar(40) NOT NULL,
  `user_email` varchar(60) NOT NULL,
  `user_email_pending` varchar(50) NOT NULL,
  `user_passhash` varchar(60) NOT NULL,
  `user_schoolid` int(30) NOT NULL,
  `user_sex` varchar(10) NOT NULL,
  `user_dp` varchar(40) NOT NULL,
  `user_dp_icon` varchar(40) NOT NULL,
  `user_status` varchar(100) NOT NULL,
  `user_bio` varchar(160) NOT NULL,
  `user_verified` int(1) NOT NULL DEFAULT '0',
  `user_blocked` int(11) NOT NULL DEFAULT '0',
  `user_password_reset` int(1) NOT NULL DEFAULT '0',
  `user_verification_id` varchar(60) NOT NULL,
  `user_fb_id` varchar(20) NOT NULL,
  `user_twitter_id` varchar(20) NOT NULL,
  `user_lastactivity` int(32) NOT NULL,
  PRIMARY KEY (`user_id`)
) ENGINE=InnoDB  DEFAULT CHARSET=latin1 AUTO_INCREMENT=12 ;

--
-- Dumping data for table `cheersu_users`
--

INSERT INTO `cheersu_users` (`user_id`, `user_firstname`, `user_lastname`, `user_email`, `user_email_pending`, `user_passhash`, `user_schoolid`, `user_sex`, `user_dp`, `user_dp_icon`, `user_status`, `user_bio`, `user_verified`, `user_blocked`, `user_password_reset`, `user_verification_id`, `user_fb_id`, `user_twitter_id`, `user_lastactivity`) VALUES
(1, 'Arjun', 'Basu', 'arjunkbasu@gmail.com', '', '$1$foreverd$toaAJjuCsK01HvXNzWRXZ0', 155, 'Male', '37747eaa6f4d017944037e461f135780.jpg', '37747eaa6f4d017944037e461f135780.jpg', 'hello ', 'Hello', 1, 0, 0, '731741d529ce1f5edb2dfa020ae2e053', '', '', 1387822775),
(2, 'Arjun', 'Basu', 'arjunthemaster8@gmail.com', '', '$1$foreverd$fQ02iF77f3cc8n1BI7cLn.', 1, 'Male', 'Ezio_full_shot_1(1).jpg', 'c54c4afd97fd1c6bdc6673d4e1635d64.jpg', '', 'I am the real one', 1, 0, 0, 'e9545dd2c3f2853e71b6a0661f0cf0ee', '', '', 1376415933),
(3, 'Gourab', 'Ghatak', 'random@random.com', '', '$1$foreverd$fQ02iF77f3cc8n1BI7cLn.', 256, 'Male', '8896_digital_clarity_6.jpg', 'ca16dc76eb519cabd5ebfd9e95467dc1.jpg', '', 'I am Gourab Ghatak', 1, 0, 0, 'f05fb8149e0a2f8bbee7f2683eef7cf3', '', '', 1367769230),
(4, 'Gaurav', 'DasChoudhury', 'gdc@chodu.com', '', '$1$foreverd$toaAJjuCsK01HvXNzWRXZ0', 1, 'Male', 'widescreen_120.jpg', '38bcf240bcb09aa370494111a4e67280.jpg', 'hello', 'Bokchod\r\n', 1, 0, 0, 'dfc92b21309f521739f510d2909ba29a', '', '', 1368443185),
(5, 'Arjun', 'Basu', 'arjl@cab.co', '', '$1$foreverd$PVo.JkAkTPBAHqSvGpIEx/', 10, 'Female', '', '', '', '', 0, 0, 0, '8ae959b6611861325ad9e2ca14aac918', '', '', 0),
(6, 'Arjun', 'Basu', 'abc@sadfsd.edu', '', '$1$foreverd$amWC/LP57iM0Kojp4xeug1', 40, 'Male', '', '', '', '', 0, 0, 0, '343258a8babb02aa05380887b36a1971', '', '', 0),
(7, 'Random', 'Random', 'lkjlkj@lskdfs.edu', '', '$1$foreverd$DGDf3DbhRftLNBFuv4uSj0', 51, 'Male', '', '', '', '', 0, 0, 0, '10f559c5c88ae58a3a3c23237e379ad2', '', '', 0),
(11, 'Arjun', 'Basu', 'lkjl@sdfs.edu', '', '$1$foreverd$GaP/22HejeQn8e5k3cLRV0', 194, 'Male', '', '', '', '', 1, 0, 0, '8a31e8325f33034366de6b70ef25f41f', '', '', 0);

-- --------------------------------------------------------

--
-- Table structure for table `cheersu_user_albums`
--

CREATE TABLE IF NOT EXISTS `cheersu_user_albums` (
  `user_album_id` int(10) NOT NULL,
  `user_album_name` varchar(200) NOT NULL,
  `user_album_userid` int(12) NOT NULL,
  `user_album_numphotos` int(11) NOT NULL,
  `user_album_timestamp` timestamp NOT NULL DEFAULT CURRENT_TIMESTAMP ON UPDATE CURRENT_TIMESTAMP
) ENGINE=InnoDB DEFAULT CHARSET=latin1;

-- --------------------------------------------------------

--
-- Table structure for table `cheersu_user_comments`
--

CREATE TABLE IF NOT EXISTS `cheersu_user_comments` (
  `user_comment_id` bigint(60) NOT NULL AUTO_INCREMENT,
  `user_comment_user_id` bigint(60) NOT NULL,
  `user_comment_activity_id` bigint(100) NOT NULL,
  `user_comment_cliqueactivityid` int(20) NOT NULL DEFAULT '0',
  `user_comment_message` varchar(1000) NOT NULL,
  `user_comment_timestamp` timestamp NOT NULL DEFAULT CURRENT_TIMESTAMP,
  PRIMARY KEY (`user_comment_id`)
) ENGINE=InnoDB  DEFAULT CHARSET=latin1 AUTO_INCREMENT=223 ;

--
-- Dumping data for table `cheersu_user_comments`
--

INSERT INTO `cheersu_user_comments` (`user_comment_id`, `user_comment_user_id`, `user_comment_activity_id`, `user_comment_cliqueactivityid`, `user_comment_message`, `user_comment_timestamp`) VALUES
(1, 1, 160, 0, 'random', '2013-03-27 07:24:51'),
(2, 1, 160, 0, 'abcd', '2013-03-27 07:25:18'),
(3, 1, 137, 0, 'testing comment 1', '2013-03-27 08:38:31'),
(4, 1, 150, 0, 'Testing Comment', '2013-03-27 09:51:38'),
(5, 1, 155, 0, 'randomly', '2013-03-27 09:53:35'),
(6, 1, 154, 0, 'testing comment', '2013-03-27 09:54:34'),
(7, 1, 154, 0, 'randomly', '2013-03-27 09:55:13'),
(8, 1, 155, 0, 'testting again', '2013-03-27 09:55:56'),
(9, 1, 154, 0, 'ranomized testing', '2013-03-27 09:56:07'),
(10, 1, 151, 0, 'random', '2013-03-27 09:58:14'),
(11, 1, 151, 0, 'bokchod', '2013-03-27 09:58:21'),
(12, 1, 151, 0, 'bokchod', '2013-03-27 09:59:03'),
(13, 1, 151, 0, 'randomized comment bokchod', '2013-03-27 09:59:11'),
(14, 1, 151, 0, 'bokchod', '2013-03-27 10:01:31'),
(15, 3, 154, 0, 'Firefox testing', '2013-03-27 10:09:45'),
(16, 1, 151, 0, 'random', '2013-03-27 10:33:18'),
(17, 1, 152, 0, 'randomly testing the comment utility', '2013-03-27 11:01:28'),
(18, 1, 151, 0, 'randomly', '2013-03-27 12:05:37'),
(19, 1, 148, 0, 'random', '2013-03-27 12:31:04'),
(20, 1, 153, 0, 'randomlytesting', '2013-03-27 12:43:01'),
(21, 1, 153, 0, 'again randomly testing', '2013-03-27 12:43:10'),
(22, 1, 167, 0, 'testing', '2013-03-28 07:25:44'),
(23, 1, 167, 0, 'testing again', '2013-03-28 07:25:51'),
(24, 1, 167, 0, 'hello', '2013-03-28 07:43:14'),
(25, 1, 167, 0, 'testing table display', '2013-03-28 07:47:05'),
(26, 1, 167, 0, 'testing table display', '2013-03-28 07:47:30'),
(27, 1, 167, 0, 'randomly', '2013-03-28 07:47:57'),
(28, 1, 167, 0, 'random', '2013-03-28 07:49:21'),
(29, 1, 167, 0, 'randomly testing', '2013-03-28 07:50:01'),
(30, 1, 167, 0, 'testing again', '2013-03-28 07:53:31'),
(31, 1, 167, 0, 'reset testing', '2013-03-28 07:53:36'),
(32, 1, 151, 0, 'displayed comments get appended to the comment thread', '2013-03-28 07:54:20'),
(33, 1, 154, 0, 'testing the new system', '2013-03-28 08:00:00'),
(34, 1, 186, 0, 'good going :P', '2013-03-30 14:05:22'),
(35, 1, 190, 0, 'Looking Good', '2013-03-30 22:21:30'),
(36, 1, 190, 0, 'second commetn', '2013-03-31 07:15:41'),
(37, 1, 190, 0, 'third comment', '2013-03-31 07:15:45'),
(38, 1, 190, 0, 'fourth comment', '2013-03-31 07:15:50'),
(39, 1, 190, 0, 'fifth comment', '2013-03-31 07:15:52'),
(40, 1, 190, 0, 'sixth comment', '2013-03-31 07:15:55'),
(41, 1, 190, 0, 'seventh comment', '2013-03-31 07:16:00'),
(43, 1, 190, 0, 'ninth comment', '2013-03-31 07:16:13'),
(44, 1, 190, 0, 'tenth comment', '2013-03-31 07:16:18'),
(45, 1, 190, 0, '11th comment', '2013-03-31 07:16:22'),
(46, 1, 226, 0, 'hello', '2013-04-02 19:52:25'),
(47, 1, 226, 0, 'hello', '2013-04-02 20:59:17'),
(48, 1, 226, 0, 'ranfdfg', '2013-04-02 21:01:52'),
(49, 1, 226, 0, 'random', '2013-04-02 21:02:31'),
(50, 1, 225, 0, 'random', '2013-04-02 21:11:59'),
(51, 1, 225, 0, 'jhj', '2013-04-02 21:12:10'),
(52, 1, 225, 0, 'abc', '2013-04-06 05:38:54'),
(53, 1, 226, 0, 'random', '2013-04-06 05:39:29'),
(54, 1, 226, 0, 'randomized', '2013-04-09 04:27:52'),
(55, 1, 226, 0, 'bokchod', '2013-04-09 04:28:33'),
(56, 1, 234, 0, 'hello', '2013-05-01 08:02:01'),
(57, 1, 234, 0, 'random', '2013-05-01 08:02:17'),
(60, 3, 227, 0, 'great pic', '2013-05-02 22:10:29'),
(62, 1, 233, 0, 'comment', '2013-05-03 07:16:25'),
(63, 1, 231, 0, 'hello', '2013-05-03 07:20:25'),
(64, 1, 229, 0, 'hello', '2013-05-03 07:21:45'),
(65, 1, 230, 0, 'hello at bottomline draft house', '2013-05-03 07:22:17'),
(66, 1, 230, 0, 'random scribblings', '2013-05-03 07:22:25'),
(67, 1, 236, 0, 'bokchod', '2013-05-03 10:04:09'),
(70, 1, 227, 0, 'bokchod', '2013-05-03 11:25:03'),
(71, 1, 227, 0, 'random', '2013-05-03 11:25:05'),
(72, 1, 227, 0, 'random', '2013-05-03 11:25:06'),
(73, 1, 227, 0, 'random', '2013-05-03 11:25:07'),
(74, 1, 168, 0, 'hello', '2013-05-03 12:10:55'),
(75, 1, 168, 0, 'this is me', '2013-05-03 12:10:56'),
(76, 1, 168, 0, 'random ized', '2013-05-03 12:10:59'),
(77, 1, 168, 0, 'bokchod', '2013-05-03 12:11:01'),
(78, 1, 168, 0, '1', '2013-05-03 12:11:02'),
(79, 1, 168, 0, '2', '2013-05-03 12:11:03'),
(80, 1, 168, 0, '3', '2013-05-03 12:11:04'),
(81, 1, 168, 0, '5', '2013-05-03 12:11:05'),
(82, 1, 168, 0, '6', '2013-05-03 12:11:07'),
(83, 1, 168, 0, '7', '2013-05-03 12:11:08'),
(84, 1, 159, 0, 'wow she''s sexy', '2013-05-03 13:29:24'),
(85, 1, 0, 22, 'random', '2013-05-03 19:37:53'),
(86, 1, 0, 16, 'random', '2013-05-03 19:53:07'),
(87, 1, 0, 16, 'random', '2013-05-03 19:56:21'),
(88, 1, 0, 16, 'bokchod', '2013-05-03 19:56:45'),
(89, 1, 0, 16, 'hello', '2013-05-03 20:00:02'),
(90, 1, 0, 16, '', '2013-05-03 20:00:03'),
(91, 1, 0, 16, 'bokchod', '2013-05-03 20:00:56'),
(92, 1, 0, 16, 'hello', '2013-05-03 20:02:19'),
(93, 1, 0, 16, 'abc', '2013-05-03 20:04:13'),
(94, 1, 0, 16, 'sdfdsf', '2013-05-03 20:05:01'),
(95, 1, 0, 16, 'tr', '2013-05-03 20:06:19'),
(96, 1, 0, 16, 'dfds', '2013-05-03 20:07:07'),
(97, 1, 0, 21, 'hello', '2013-05-03 20:07:20'),
(98, 1, 0, 4, 'bokchod', '2013-05-03 20:39:02'),
(99, 1, 0, 17, '1', '2013-05-03 20:39:09'),
(100, 1, 0, 17, '2', '2013-05-03 20:39:10'),
(101, 1, 0, 17, '3', '2013-05-03 20:39:11'),
(102, 1, 0, 17, '5', '2013-05-03 20:39:12'),
(103, 1, 0, 17, '6', '2013-05-03 20:39:13'),
(104, 1, 0, 17, '7', '2013-05-03 20:39:15'),
(105, 1, 0, 17, '8', '2013-05-03 20:39:15'),
(106, 1, 0, 17, '9', '2013-05-03 20:39:16'),
(107, 1, 0, 17, '10', '2013-05-03 20:39:17'),
(108, 1, 0, 24, '1st', '2013-05-04 20:11:50'),
(109, 1, 0, 24, '2nd', '2013-05-04 20:11:51'),
(110, 1, 0, 24, '3rd', '2013-05-04 20:11:52'),
(111, 1, 0, 24, '4th', '2013-05-04 20:11:55'),
(114, 1, 237, 0, '3', '2013-05-04 21:26:19'),
(115, 1, 237, 0, '4', '2013-05-04 21:26:20'),
(116, 1, 0, 23, 'abc', '2013-05-05 12:35:46'),
(123, 1, 237, 0, 'new', '2013-05-05 12:36:13'),
(124, 1, 237, 0, 'sdfd', '2013-05-05 12:36:14'),
(125, 1, 237, 0, 'sd', '2013-05-05 12:36:15'),
(126, 1, 237, 0, '1', '2013-05-05 12:36:16'),
(127, 1, 237, 0, '2', '2013-05-05 12:36:17'),
(128, 1, 237, 0, '3', '2013-05-05 12:36:18'),
(135, 1, 237, 0, '14', '2013-05-05 16:08:02'),
(136, 1, 237, 0, '15', '2013-05-05 16:08:03'),
(138, 1, 0, 31, '1st', '2013-05-05 18:19:52'),
(139, 1, 0, 31, '2nd', '2013-05-05 18:19:53'),
(140, 1, 0, 31, '34d', '2013-05-05 18:19:55'),
(141, 1, 0, 31, '4th', '2013-05-05 18:19:57'),
(142, 1, 0, 31, '5th', '2013-05-05 18:19:58'),
(143, 1, 0, 31, '6th', '2013-05-05 18:20:00'),
(145, 1, 0, 31, '8th', '2013-05-05 18:20:02'),
(147, 1, 238, 0, 'welcome back dude', '2013-05-05 18:23:03'),
(148, 4, 0, 34, '1st', '2013-05-05 18:23:28'),
(153, 1, 0, 34, '6th', '2013-05-05 18:23:42'),
(155, 4, 0, 34, '9th', '2013-05-05 18:23:54'),
(156, 4, 0, 34, '10th', '2013-05-05 18:23:55'),
(158, 4, 0, 34, 'bokchod', '2013-05-05 18:44:11'),
(165, 1, 238, 0, '321', '2013-05-05 19:46:08'),
(166, 1, 238, 0, '32111', '2013-05-05 19:46:42'),
(168, 1, 238, 0, '1235555', '2013-05-05 19:48:22'),
(169, 4, 238, 0, '1245', '2013-05-05 19:49:09'),
(170, 4, 238, 0, '1311', '2013-05-05 19:49:31'),
(171, 1, 238, 0, '12', '2013-05-05 19:50:10'),
(175, 1, 237, 0, '123', '2013-05-05 19:54:11'),
(176, 1, 236, 0, '321', '2013-05-05 19:54:47'),
(177, 1, 236, 0, '1113', '2013-05-05 19:55:23'),
(178, 1, 236, 0, '312', '2013-05-05 19:57:16'),
(184, 1, 234, 0, 'sdflskjdf sdk s;djf ips fsd fj', '2013-05-05 20:26:51'),
(186, 1, 234, 0, 'this is it', '2013-05-05 20:26:58'),
(187, 1, 234, 0, 'and it feels and it feels like this is good enough', '2013-05-05 20:27:07'),
(189, 1, 235, 0, 'rabasdfdsfsdf', '2013-05-05 20:29:36'),
(200, 1, 238, 0, '6', '2013-05-06 07:33:01'),
(202, 1, 238, 0, '29292', '2013-05-06 07:33:05'),
(203, 1, 240, 0, 'Awesome dude', '2013-05-08 20:07:31'),
(205, 1, 240, 0, 'random', '2013-05-08 20:07:44'),
(218, 1, 0, 30, 'checking once', '2013-06-07 20:33:36'),
(219, 1, 0, 30, 'checking twice', '2013-06-07 20:33:38'),
(220, 1, 0, 30, 'and it''s working', '2013-06-07 20:33:41'),
(221, 1, 241, 0, 'hAllo', '2013-06-08 06:32:05'),
(222, 1, 241, 0, 'hallo agaoin', '2013-06-08 06:32:10');

-- --------------------------------------------------------

--
-- Table structure for table `cheersu_user_photos`
--

CREATE TABLE IF NOT EXISTS `cheersu_user_photos` (
  `user_photo_id` bigint(100) NOT NULL AUTO_INCREMENT,
  `user_photo_user_id` bigint(60) NOT NULL,
  `user_photo_source` varchar(60) NOT NULL,
  `user_photo_timestamp` timestamp NOT NULL DEFAULT CURRENT_TIMESTAMP,
  `user_photo_albumid` int(10) NOT NULL DEFAULT '0',
  PRIMARY KEY (`user_photo_id`),
  UNIQUE KEY `user_photo_source` (`user_photo_source`)
) ENGINE=InnoDB  DEFAULT CHARSET=latin1 AUTO_INCREMENT=151 ;

--
-- Dumping data for table `cheersu_user_photos`
--

INSERT INTO `cheersu_user_photos` (`user_photo_id`, `user_photo_user_id`, `user_photo_source`, `user_photo_timestamp`, `user_photo_albumid`) VALUES
(1, 1, '5aa5d714d12eb9638daa9ed283a15f2f.jpg', '2013-03-21 09:08:34', 0),
(2, 1, 'ee851d02c09bbc0080c5ad8851fcca30.jpg', '2013-03-21 09:08:34', 0),
(3, 1, 'ff43a99160c11b1ee609c7736b8d4a75.jpg', '2013-03-21 09:11:59', 0),
(4, 1, '3e46cd63ac3d050936ecec6149454ce1.jpg', '2013-03-21 09:11:59', 0),
(5, 1, '2bfd716fa59de23e9b507f7604b65eba.jpg', '2013-03-21 09:11:59', 0),
(6, 1, '585a357a4fc04ebc5b549252cef08561.jpg', '2013-03-21 09:11:59', 0),
(7, 1, 'e59a741a72d7a497d0b158164770bf59.jpg', '2013-03-21 09:11:59', 0),
(8, 1, '6fc8a738b556c6a4c41155e7c485e0ce.jpg', '2013-03-21 09:11:59', 0),
(9, 3, 'ef1705f1eabcbe144e0e3a81d45577b4.jpg', '2013-03-21 09:21:17', 0),
(10, 3, '4dbffd5a146fd43f6ebab1e41b4c945f.jpg', '2013-03-21 09:21:17', 0),
(11, 3, '451cbece78a7b3e1a0f40cccdadc2d04.jpg', '2013-03-21 09:21:17', 0),
(12, 3, '8abed113af497b0033735bb7f547f7f4.jpg', '2013-03-21 09:21:17', 0),
(13, 3, 'f83c1bc8dba91e748a9135e9b412800a.jpg', '2013-03-21 09:21:17', 0),
(14, 3, '00c2a4a35063f9c348dd023f19bbc731.jpg', '2013-03-21 09:21:17', 0),
(15, 3, '668cad1a30f30f9bf482cf989abb862b.jpg', '2013-03-21 09:21:17', 0),
(16, 3, '10de6c85468145b2e536896466be7a4f.JPG', '2013-03-21 09:21:17', 0),
(17, 3, 'ca7fc099b0c2c3ce429b0b020674e6cf.JPG', '2013-03-21 09:21:17', 0),
(18, 3, '3df7d5d62e20218a3a6b57e5cc2b7c69.jpg', '2013-03-21 09:21:17', 0),
(19, 3, 'a2ca2e3df0cd2280b17183e58c0a3df4.jpg', '2013-03-21 09:21:17', 0),
(20, 3, '72006084be710ff75f2459e2a9df0cdb.jpg', '2013-03-21 09:21:17', 0),
(21, 3, 'd0875cb72ead8261f4a00beccf5869ac.JPG', '2013-03-21 09:40:33', 0),
(22, 3, '1765eaaeace1c41eaf7fa34786df4974.jpg', '2013-03-21 09:40:33', 0),
(23, 3, '552d864277ba312063a8ed5fe1b0ee91.jpg', '2013-03-21 09:40:33', 0),
(24, 3, 'a500f53a801a3aaf3167e6aeeb40a5a9.JPG', '2013-03-21 09:40:33', 0),
(25, 3, 'bb55e4ff4644145b5889058e96ed007d.jpg', '2013-03-21 09:40:33', 0),
(26, 3, 'dff3dc9fd7f73694a13f7e22831d1c72.JPG', '2013-03-21 09:40:33', 0),
(27, 3, '00b6270a02d900c1eca442d93357b80c.jpg', '2013-03-21 09:40:33', 0),
(28, 3, '4cbb29e010f35d5f20e1969dbbbc1624.jpg', '2013-03-21 09:40:33', 0),
(29, 1, '016a84767ca742c0e25bef014969fb49.jpg', '2013-03-21 09:53:32', 0),
(30, 3, '625569d6839af1f40938d5d50c8e4382.jpg', '2013-03-21 12:53:08', 0),
(31, 3, '59a278e30f9ea12a0543deabcd7fd8ef.jpg', '2013-03-21 12:53:08', 0),
(32, 3, 'e57b171a32bce650636673c3d7fdd789.jpg', '2013-03-21 12:53:08', 0),
(33, 3, '5878d72aef6420aa5f865fea84606118.jpg', '2013-03-23 04:49:04', 0),
(34, 1, '78479af85b65482512d0877ebe7e086a.jpg', '2013-03-23 09:46:32', 0),
(35, 3, '23fbac41171ab815773f1e7ef9ca2ed6.JPG', '2013-03-26 13:56:05', 0),
(36, 1, '91fe99845188bbfe5d8aabafc710c511.jpg', '2013-03-30 22:17:18', 0),
(37, 1, '12312e595a8716854b01e6ae9519e6fa.jpg', '2013-03-31 12:39:02', 0),
(38, 1, '2875c1c1da58759942432732accc6ab4.jpg', '2013-03-31 12:39:02', 0),
(39, 1, '0ab5be3a8e8e3baa627c76a2d3aad033.jpg', '2013-03-31 12:39:02', 0),
(40, 1, 'f16a7d6a2833fb36c549542291290e25.jpg', '2013-03-31 12:39:02', 0),
(41, 1, '73f7abe47b4df43d8234b20a5150546c.jpg', '2013-04-14 20:00:31', 0),
(42, 1, 'e5dc8d0d72174bfc6bfc68f782421746.jpg', '2013-04-14 20:00:31', 0),
(43, 1, '60f3d97ad2148b0d7b634c2bdc9ba588.jpg', '2013-04-14 20:00:31', 0),
(44, 1, '6fd8da0054b6bf6202cc95433e3ddeeb.jpg', '2013-05-08 08:57:33', 0),
(45, 1, 'a709c49c872115d8454ea2e94ba3fff0.jpg', '2013-05-08 08:57:33', 0),
(46, 1, 'fb6ea9c6cd33b6bf214bd77ececb9319.jpg', '2013-05-08 08:57:33', 0),
(47, 1, '1f74638a1b60df77c1977fbd7123f6d9.jpg', '2013-05-08 20:12:38', 0),
(48, 1, 'a06b5780d531232dc0d2aa8544ea9dd1.jpg', '2013-05-08 20:12:38', 0),
(49, 1, 'f28ef4893fa068301d7e377281ade475.jpg', '2013-05-08 20:12:38', 0),
(50, 1, '3bbc6ed3fc0c098095cd934ac2727996.jpg', '2013-05-08 20:12:38', 0),
(51, 1, '217e7e96a1b4238614bd55a2dc30f88f.jpg', '2013-05-08 20:12:38', 0),
(52, 1, '8340d6eca67684141b379f0870e77ebd.jpg', '2013-05-08 20:12:38', 0),
(53, 1, 'c3ade2fb63f085075e8d4e5a6abbcd99.jpg', '2013-05-08 20:12:38', 0),
(54, 1, '6f5e973b6fa40772e134bd0783f2af70.jpg', '2013-09-10 18:36:12', 0),
(55, 1, '50211db6827ec933e0825b8d6797b41d.jpg', '2013-09-10 18:36:12', 0),
(56, 1, 'badbca9713b9e67b53fccd15e603fb10.jpg', '2013-09-10 18:40:23', 0),
(57, 1, 'f67429fc16c729cfe5129090b78cac2a.jpg', '2013-09-10 18:40:23', 0),
(58, 1, 'a611f3b172dc7c7e1dbe30e0e0227091.jpg', '2013-09-15 13:53:30', 0),
(59, 1, '63af189a6c3f912f55f3206229e84048.jpg', '2013-09-15 13:53:30', 0),
(60, 1, '8818b612dc563fe39753120e9cb13595.jpg', '2013-09-17 17:40:06', 0),
(61, 1, '1d707a7136af7cd950f5bb1123fa80c1.jpg', '2013-09-17 17:41:47', 0),
(62, 1, '86e646f98bfb6fc19ed7320b58a70444.jpg', '2013-09-17 17:41:47', 0),
(63, 1, '7396d2d57e8f5bca958d0a8457114b5c.jpg', '2013-09-17 17:41:47', 0),
(64, 1, 'f393f348ee357a7ca0a86f2646165d53.jpg', '2013-09-17 17:41:47', 0),
(65, 1, '5bdff2e3bb2b35e8db34562ef8a0a4a4.jpg', '2013-09-17 17:41:47', 0),
(66, 1, '4efcba1cfa8bd86d6abe3947efeeac06.jpg', '2013-09-17 17:41:47', 0),
(67, 1, '8b5ab39bf752eb52f62ea5ddb7434e64.jpg', '2013-09-17 17:41:47', 0),
(68, 1, 'cbd4942657af84b19ee94a21c2838bf9.png', '2013-09-17 18:39:20', 0),
(69, 1, '09f0b76947f319433f6067a768154050.jpeg', '2013-09-22 07:24:21', 0),
(70, 1, '0825b00094212dcf470c5c63cf3d5099.jpg', '2013-09-22 07:24:21', 0),
(71, 1, '0e7db80242aca28f49f1889c565679d3.png', '2013-09-22 07:24:21', 0),
(72, 1, 'a7efb5811f6bf75ddcd8fb8ed2591875.jpg', '2013-09-22 09:10:42', 0),
(73, 1, 'f25122212d83936e182ab9914dc8543f.jpg', '2013-09-22 11:04:09', 0),
(74, 1, 'cddf81b65f2a89aae21d1ef89a876cf3.jpg', '2013-09-22 11:04:09', 0),
(75, 1, '7a904fe8ae8b2793a65a55e219a23f94.jpg', '2013-09-22 11:04:09', 0),
(76, 1, 'f3db958902cdaa06e147aeda4c6b01b7.jpg', '2013-09-22 11:04:09', 0),
(77, 1, '77bec3886fb88366cf4118eac979c640.jpg', '2013-09-22 11:04:09', 0),
(92, 1, '9b389278f061b4c3113a72a86d0c9cca.jpg', '2013-09-22 11:16:19', 0),
(93, 1, '77bec3886fb88366cf4118eac979c640.', '2013-09-22 11:16:19', 0),
(100, 1, '5e8d779cc1990e301e461961f88b1728.jpg', '2013-09-26 16:32:17', 0),
(101, 1, '5c582e4cba9555e7fbc0e088936b46dd.jpg', '2013-09-26 16:32:17', 0),
(102, 1, '6962a4e0ba34868fc76927945f7a8c73.jpg', '2013-09-26 16:33:14', 0),
(103, 1, 'efa88162efbf8e286555d6c2ee9c1157.jpg', '2013-09-26 16:33:14', 0),
(104, 1, 'f3286f3262a37e9b7d6c6a4b9e4b3ca8.jpg', '2013-09-26 16:34:07', 0),
(105, 1, 'c4af3e915e8febc17ca084abe3d4a886.jpg', '2013-09-26 16:34:07', 0),
(106, 1, '9b3dedef29763ae6e196a781eed33d96.jpg', '2013-09-26 16:34:07', 0),
(107, 1, '5294e892d171f338dc152b4f55d71eab.jpg', '2013-09-26 16:34:07', 0),
(108, 1, 'a73e3dec9003c2f305d407790f5a85ab.jpg', '2013-09-26 16:34:07', 0),
(109, 1, '61cde9008129900aeb6a0d459c57412a.jpg', '2013-09-26 16:34:07', 0),
(110, 1, '724a24a5014d3a4f3da34c567ef6be5e.jpg', '2013-09-26 16:35:20', 0),
(111, 1, '65767df665aeda9c285db40aff144481.jpg', '2013-09-26 16:35:20', 0),
(112, 1, '5b06cf1501c8001c2d6766e69d0499ad.jpg', '2013-09-26 16:35:20', 0),
(113, 1, '035b382576112c65909b2f88431ed024.jpg', '2013-09-26 16:41:33', 0),
(114, 1, '867b837d299623a2d8250c694a9770a1.jpg', '2013-09-26 16:41:33', 0),
(115, 1, '50f767e874c53f475803ba700d8fc2df.jpg', '2013-09-26 16:41:33', 0),
(116, 1, 'db4229cb4a3743b7b8b5c94be6cd63ba.jpg', '2013-09-26 16:42:37', 0),
(117, 1, 'undefined', '2013-09-26 16:44:33', 0),
(118, 1, '886ec2d2f153219e4cd0a4f66f3ea544.jpg', '2013-09-26 16:44:35', 0),
(119, 1, '518c00d12e34c6a34cf1cf2ecc0537f7.jpeg', '2013-09-26 16:45:15', 0),
(120, 1, '971bf5d23ebd7e6473524ffb41cd5ab9.jpg', '2013-09-26 16:45:15', 0),
(121, 1, '3ab476db2234bd1987a81aa3dacb07ba.jpg', '2013-09-26 16:46:19', 0),
(122, 1, '7eff37df2872f9f1a47dba2a1e43553f.jpg', '2013-09-26 16:46:19', 0),
(124, 1, '9c17ff2ce059380c960c36f1d565a6e1.jpg', '2013-10-24 19:13:53', 0),
(125, 1, 'd626bb6a45549008ac1f059ea386f87d.jpg', '2013-10-24 19:29:20', 0),
(126, 1, 'd606c41cae6538235e4f97750a0abe16.jpg', '2013-10-24 19:30:01', 0),
(127, 1, '202877d0eddb9d70616bcb7027e6652d.jpg', '2013-10-24 19:34:19', 0),
(128, 1, '355a0ace98a7e7e59e4a3ce013d52f9c.jpg', '2013-10-24 19:34:46', 0),
(129, 1, '31fd2147280b98d58c14ad0bfbf44095.jpg', '2013-10-24 19:34:46', 0),
(130, 1, 'a1c62a92ded850e5a30aab7eba25391d.jpg', '2013-10-24 19:34:46', 0),
(131, 1, '981af3f3e071c3a03aefda52c1feb353.jpg', '2013-10-24 19:34:46', 0),
(132, 1, 'e1e4c6e13f7a00879608a4b1a94b4398.png', '2013-10-24 19:47:09', 0),
(133, 1, 'd4039f9bc4e457ebdbcc9c9e1bb9afcc.jpg', '2013-10-24 19:57:19', 0),
(134, 1, '27ce53e4e747647feb99b3d5f52bb82b.jpg', '2013-10-24 19:59:09', 0),
(135, 1, '8b8234bfa2236fd3c53dfdb3e54bd10c.jpg', '2013-10-24 19:59:42', 0),
(136, 1, '15de9f55e1b66b703a1fbd6217d3018e.jpg', '2013-10-24 20:01:55', 0),
(137, 1, 'ff5c739328247d4665db1cf2bb228a93.jpg', '2013-10-24 20:02:12', 0),
(138, 1, '697da43d6b5c9aff3e4d7659a46192e9.png', '2013-10-24 20:04:56', 0),
(139, 1, 'b6a5f0ff8a4eddf21c7fc139208d25b4.jpg', '2013-10-24 20:04:56', 0),
(140, 1, 'c1fa48a92a155dcb34dc1f9d795c9f24.jpg', '2013-10-24 20:06:28', 0),
(141, 1, '26f6047010fd7ccc75ba93f5e31484a4.jpg', '2013-10-24 20:06:49', 0),
(142, 1, '258c67f2841c0551086cdd5b0e9c68dc.jpg', '2013-10-24 20:06:49', 0),
(143, 1, 'd9aa4953bf470d5395f65af2046d9ba1.jpg', '2013-10-24 20:07:23', 0),
(144, 1, '7f570d5c9892cf7cbc13efcd4078b932.jpg', '2013-10-24 20:07:23', 0),
(145, 1, 'b8ef978f1dd77a968561c11be47bd5cc.jpg', '2013-10-24 20:08:24', 0),
(146, 1, '18b052f586d0386ed99c832490c223b7.jpg', '2013-10-24 20:09:19', 0),
(147, 1, '927b6d7392409db1c74a227adefb3a9f.jpg', '2013-10-24 20:09:19', 0),
(148, 1, '10e4705c3c14e369d56014d8b11477e9.jpg', '2013-10-24 20:12:20', 0),
(149, 1, '90edad09cb46a77e49f75c3e3a7a7e69.jpg', '2013-10-24 20:12:20', 0),
(150, 1, 'c3783333a56cd040be98dbb17a4442c1.jpg', '2013-10-24 20:12:20', 0);

-- --------------------------------------------------------

--
-- Table structure for table `cheersu_user_tag`
--

CREATE TABLE IF NOT EXISTS `cheersu_user_tag` (
  `user_tag_id` bigint(40) NOT NULL AUTO_INCREMENT,
  `user_tag_activityid` bigint(100) NOT NULL,
  `user_tag_userid` int(10) NOT NULL,
  `user_tag_timestamp` timestamp NOT NULL DEFAULT CURRENT_TIMESTAMP,
  `user_tag_username` varchar(60) NOT NULL,
  PRIMARY KEY (`user_tag_id`)
) ENGINE=InnoDB  DEFAULT CHARSET=latin1 AUTO_INCREMENT=33 ;

--
-- Dumping data for table `cheersu_user_tag`
--

INSERT INTO `cheersu_user_tag` (`user_tag_id`, `user_tag_activityid`, `user_tag_userid`, `user_tag_timestamp`, `user_tag_username`) VALUES
(15, 219, 4, '2013-03-31 14:13:22', 'Gaurav DasChoudhury'),
(16, 220, 4, '2013-03-31 14:15:40', 'Gaurav DasChoudhury'),
(17, 220, 3, '2013-03-31 14:15:40', 'Gourab Ghatak'),
(18, 221, 4, '2013-03-31 15:43:32', 'Gaurav DasChoudhury'),
(19, 222, 2, '2013-03-31 16:14:00', 'Arjun Basu'),
(20, 223, 4, '2013-03-31 16:15:12', 'Gaurav DasChoudhury'),
(21, 223, 3, '2013-03-31 16:15:12', 'Gourab Ghatak'),
(22, 224, 4, '2013-03-31 16:15:43', 'Gaurav DasChoudhury'),
(23, 224, 3, '2013-03-31 16:15:43', 'Gourab Ghatak'),
(24, 225, 4, '2013-03-31 16:17:09', 'Gaurav DasChoudhury'),
(25, 226, 3, '2013-04-02 06:38:25', 'Gourab Ghatak'),
(26, 228, 4, '2013-04-14 20:04:23', 'Gaurav DasChoudhury'),
(27, 228, 2, '2013-04-14 20:04:23', 'Arjun Basu'),
(28, 236, 3, '2013-05-03 06:14:30', 'Gourab Ghatak'),
(29, 236, 1, '2013-05-03 06:14:30', 'Arjun Basu'),
(30, 239, 4, '2013-05-06 07:26:20', 'Gaurav DasChoudhury'),
(31, 242, 4, '2013-08-13 14:48:16', 'Gaurav DasChoudhury'),
(32, 242, 3, '2013-08-13 14:48:16', 'Gourab Ghatak');

-- --------------------------------------------------------

--
-- Table structure for table `cheersu_venues`
--

CREATE TABLE IF NOT EXISTS `cheersu_venues` (
  `venue_id` bigint(40) NOT NULL AUTO_INCREMENT,
  `venue_name` varchar(100) NOT NULL,
  `venue_schoolid` bigint(40) NOT NULL,
  `venue_address` varchar(200) NOT NULL,
  `venue_description` varchar(200) NOT NULL,
  `venue_reservations` int(10) NOT NULL DEFAULT '0',
  `venue_checkins` int(10) NOT NULL DEFAULT '0',
  `venue_latitude` double(14,8) NOT NULL,
  `venue_longitude` double(14,8) NOT NULL,
  `venue_cover` varchar(60) NOT NULL,
  PRIMARY KEY (`venue_id`)
) ENGINE=InnoDB  DEFAULT CHARSET=latin1 AUTO_INCREMENT=146 ;

--
-- Dumping data for table `cheersu_venues`
--

INSERT INTO `cheersu_venues` (`venue_id`, `venue_name`, `venue_schoolid`, `venue_address`, `venue_description`, `venue_reservations`, `venue_checkins`, `venue_latitude`, `venue_longitude`, `venue_cover`) VALUES
(0, 'Dummy', 0, '', '', 0, 0, 0.00000000, 0.00000000, ''),
(1, 'Kelly''s Taproom', 1, '1107 W Lancaster Ave, Bryn Mawr, PA, 19010', '', 0, 1, 40.02455350, -75.32457870, ''),
(2, 'Flip and Baileys', 1, '900 Conestoga Rd, Bryn Mawr, PA 19010', '', 0, 0, 40.02555370, -75.33746100, ''),
(3, 'Maloneys', 1, '1009 W Lancaster Ave, Bryn Mawr, PA, 19010', '', 0, 0, 40.02389970, -75.32303080, ''),
(4, 'JD Mcgullicuddy''s', 1, '118 N Wayne Ave, Radnor, PA', '', 0, 0, 40.04444780, -75.38788290, ''),
(6, 'The Grog', 1, '863 Lancaster Ave, Bryn Mawr, PA 19010', '', 0, 0, 40.02269700, -75.32021400, ''),
(7, 'Erin''s Pub', 1, '1005 West Lancaster Avenue, Bryn Mawr, PA', '', 0, 0, 40.02374500, -75.32288800, ''),
(8, 'Brownie''s', 1, '23 East Lancaster Ave, Ardmore, PA 19003', '', 0, 0, 40.00754980, -75.29004040, ''),
(9, 'Tip O''Leary''s', 1, '610 W Lancaster Ave, Bryn Mawr, PA 19010', '', 0, 0, 40.01809260, -75.31179530, ''),
(10, 'Mad River', 1, '4100 Main Street  Philadelphia, PA 19127', '', 0, 0, 40.02214400, -75.21870700, ''),
(11, 'Omar''s Hookak Café', 1, '1000 West Lancaster Avenue, Bryn Mawr, PA 19010', '', 0, 0, 40.02343500, -75.32287400, ''),
(12, 'Mixx', 1, '789 East Lancaster Avenue  Villanova, PA 19085', '', 0, 0, 40.03767180, -75.35174260, ''),
(13, 'O''Malley''s', 2, '108 Main Street, Nyack, NY 10960', '', 0, 0, 41.09151200, -73.91971000, ''),
(14, 'Union Square', 2, '51 Market Street, Poughkeepsie, NY.10960', '', 0, 0, 41.70248480, -73.92952430, ''),
(15, 'Thirty3 Night Club', 2, '33 Academy St, Poughkeepsie, NY 12601', '', 0, 0, 41.70124700, -73.92601000, ''),
(17, 'Renaissance Pub', 2, '3 Duane Street  Poughkeepsie, NY 12601', '', 0, 0, 41.70994550, -73.93491960, ''),
(18, 'Black Bear (Sono)', 3, '80 Washington Street  Norwalk, CT 06854', '', 0, 0, 41.09889970, -73.41838040, ''),
(19, 'Sea Grape', 3, '1144 Reef Rd, Fairfield, CT 06824', '', 0, 0, 41.12927250, -73.24401610, ''),
(20, 'The Field', 3, '3001 Fairfield Avenue,  Bridgeport, CT 06605', '', 0, 0, 41.15588130, -73.22877790, ''),
(21, 'Toads', 3, '300 York St, New Haven, CT 06511', '', 0, 0, 41.31154280, -72.92936490, ''),
(22, 'Club Lo', 3, '365 Cherry Street,  Bridgeport, CT 06605', '', 0, 0, 41.16666450, -73.21292630, ''),
(23, 'Scruples Lounge', 3, '369 North Avenue, Bridgeport, CT', '', 0, 0, 41.19864000, -73.19181650, ''),
(24, 'Whisky''s', 4, '286 Academy Avenue  Providence, RI 02908', '', 0, 0, 41.83274430, -71.44459840, ''),
(25, 'Louie''s', 4, '597 Douglas Ave, Providence, RI 02908', '', 0, 0, 41.84658040, -71.42962290, ''),
(27, 'Old''s', 4, '480 Douglas Ave, Providence, Rhode Island 02908', '', 0, 0, 41.84333300, -71.42797500, ''),
(28, 'Danny''s', 4, '23 Railroad Ave, Providence-New Bedford-Fall River, RI 02891', '', 0, 0, 41.84791570, -71.48519510, ''),
(29, 'Whiskey Republic', 4, '515 South Water Street  Providence, RI 02903', '', 0, 0, 41.81802470, -71.40224490, ''),
(30, 'Tin Roof', 5, '1516 Demonbreun St, Nashville, TN 37203', '', 0, 0, 36.15313740, -86.78987840, ''),
(31, 'Old College Inn', 5, '2204 Cumberland Avenue, Knoxville, TN 37916', '', 0, 0, 35.95386180, -83.93943000, ''),
(32, 'The Roaming Gnome Pub', 5, '202 Collier Drive, Sevierville, TN 37862', '', 0, 0, 0.00000000, 0.00000000, ''),
(33, 'Rumorz', 5, '1820 Cumberland Avenue  Knoxville, TN 37916', '', 0, 0, 35.95554660, -83.93458260, ''),
(34, 'The Hill', 5, '1105 Forest Ave. Knoxville, TN 37916', '', 0, 0, 35.96400930, -83.92792540, ''),
(35, 'Rasputins', 6, '163 Church Street, Burlington, VT 05401', '', 0, 0, 44.47560600, -73.21267700, ''),
(36, 'What Ales You', 6, '152 Saint Paul Street, Burlington, VT 05401', '', 0, 0, 44.47546000, -73.21381900, ''),
(37, 'Redsquare', 6, '136 Church Street, Burlington, VT 05401', '', 0, 0, 44.47656400, -73.21230600, ''),
(39, 'Drink', 6, '135 Saint Paul Street, Burlington, VT 05041', '', 0, 0, 44.47616350, -73.21425580, ''),
(40, 'Tally Ho Tavern', 7, '205 W 4th St, Bethlehem, PA 18015', '', 0, 0, 40.61046220, -75.38195930, ''),
(41, 'JP MacGrady''s Pub', 7, '117 East 3rd Street, Bethlehem, PA 18015', '', 0, 0, 40.61227900, -75.37659400, ''),
(42, 'Leon''s Restaurant and Bar', 7, '432 East 5th Street  Bethlehem, PA 18015', '', 0, 0, 40.60917900, -75.37193000, ''),
(43, 'The Funhouse', 7, '5 East 4th Street, Bethlehem, PA 18015', '', 0, 0, 40.61057390, -75.37813220, ''),
(44, 'The Happy Tap Bar', 7, '601 East 4th Street  Bethlehem, PA 18015', '', 0, 0, 40.61074550, -75.37056730, ''),
(45, 'Grotto''s Pizza and Sport''s Bar', 8, '45 E Main St 100, Newark, DE 19711', '', 0, 0, 39.68302970, -75.75167090, ''),
(46, 'Timothy''s of Newark', 8, '100 Creek View Road, Newark, DE 19711', '', 0, 1, 39.68939380, -75.74757920, ''),
(47, 'Klondike Kate''s', 8, '158 East Main Street  Newark, DE 19711', '', 0, 0, 39.68375100, -75.74694300, ''),
(51, 'Fenwick''s Bar and Grill ', 155, '432 W 238th Street Bronx, NY 10463\r\n', '', 1, 1, 40.88707460, -73.90453930, ''),
(52, 'Bottomline Draft House ', 155, '3648 Bailey Ave Bronx, NY 10463', '', 1, 1, 40.88079730, -73.90046010, 'fa490867bfbd5441f11c9eb9357f297d.jpg'),
(53, 'O''Connell''s Pub', 155, '2794 Broadway New York, NY 10025\r\n', 'Cannon''s', 0, 1, 40.80271280, -73.96738180, ''),
(54, 'Gleeson''s Sports Bar & Grill ', 155, '6115 Broadway Bronx, NY 10471\r\n', '', 1, 1, 40.89410400, -73.89684600, ''),
(55, 'Riverdale City Grill ', 155, '3541 Riverdale Ave Bronx, NY 10463\r\n', '', 1, 0, 40.88632350, -73.90716770, ''),
(57, 'McFadden''s ', 155, '800 2nd Ave New York, NY 10017\r\n', 'between 42nd St & 43rd St', 0, 0, 40.74995060, -73.97195090, ''),
(58, 'An Beal Bocht Cafe', 155, '445 West 238th St Bronx, New York 10463', '', 1, 0, 40.88738180, -73.90498190, ''),
(60, 'The Bridge Tavern ', 155, '5757 Broadway Bronx, NY 10463\r\n', 'Dugan''s Bar', 1, 1, 40.88341650, -73.90153390, ''),
(61, 'Mad River Bar & Grille', 155, '1442 THIRD AVE. NEW YORK NY 10028', '82nd Street ', 0, 0, 40.77619180, -73.95613310, ''),
(62, 'Gypsy', 1, 'Gypsy Lane, King of Prussia', '', 0, 0, 40.06861670, -75.36018890, ''),
(63, 'The Courts', 1, '805 Montgomery Avenue, Bryn Mawr, Pennsylvania', '', 0, 0, 40.02354290, -75.31533100, ''),
(64, 'Libation ', 155, '137 Ludlow Street  New York, NY 10002\r\n', '', 0, 0, 40.72041050, -73.98831610, ''),
(65, 'Saloon ', 155, '1584 York Avenue  New York, NY 10028\r\n', '', 0, 0, 40.77423660, -73.94820410, ''),
(67, 'Liffy''s Bar ', 155, '5661 Broadway Bronx, NY 10463\r\n', '', 0, 0, 40.88100790, -73.90363650, ''),
(68, 'Fenwick''s Bar & Grill ', 155, '432 W 238th Street Bronx, NY 10463', '', 0, 0, 40.88707460, -73.90453930, ''),
(72, 'O''Connel''s', 154, '2794 Broadway New York, NY 10025\r\n', '', 0, 0, 40.80271280, -73.96738180, ''),
(73, 'O''Malley''s', 2, '108 Main Street, Nyack, NY 10960', '', 0, 0, 41.09151200, -73.91971000, ''),
(74, 'Union Square', 2, '51 Market Street, Poughkeepsie, NY 10960', '', 0, 0, 41.70248480, -73.92952430, ''),
(75, 'Thirty 3 Night Club', 2, '33 Academy St., Poughkeepsie, NY 12601', '', 0, 0, 41.70124700, -73.92601000, ''),
(76, 'Back Street Pub', 2, '103 Parker Ave., Poughkeepsie, NY 12601', '', 0, 0, 41.71259700, -73.92256900, ''),
(77, 'Black Bear (Sono)', 3, '80 Washington Street, Norwalk, CT 06854', '', 0, 0, 41.09889970, -73.41838040, ''),
(78, 'Sea Grape', 3, '1144 Reef Rd., Fairfield, CT 06824', '', 0, 0, 41.12927250, -73.24401610, ''),
(79, 'The Field', 3, '3001 Fairfield Avenue, Bridgeport, CT 06605', '', 0, 0, 41.15588130, -73.22877790, ''),
(80, 'Toad''s', 3, '300 York St., New Haven, CT 06511', '', 0, 0, 41.31154280, -72.92936490, ''),
(82, 'Scruples Lounge', 3, '369 North Avenue, Bridgeport, CT 06605', '', 0, 0, 41.19864000, -73.19181650, ''),
(83, 'The Whiskey Pub', 4, '286 Academy Avenue, Providence, RI 02908', '', 0, 0, 41.83274430, -71.44459840, ''),
(84, 'Louie''s Tavern', 4, '597 Douglas Ave., Providence, RI 02908', '', 0, 0, 41.84658040, -71.42962290, ''),
(85, 'Clubbie''s', 4, '383 Admiral St., Providence, RI 02908', '', 0, 0, 41.84631100, -71.42876300, ''),
(86, 'Old''s Bar', 4, '480 Douglas Ave., Providence, RI 02908', '', 0, 0, 41.84333300, -71.42797500, ''),
(88, 'Whiskey Republic', 4, '515 South Water Street, Providence, RI 02903', '', 0, 0, 41.81802470, -71.40224490, ''),
(89, 'Rasputins', 6, '163 Church Street, Burlington, VT 05401', '', 0, 0, 44.47560600, -73.21267700, ''),
(90, 'What Ales You', 6, '152 Saint Paul Street, Burlington, VT 05401', '', 0, 0, 44.47546000, -73.21381900, ''),
(91, 'Redsquare', 6, '136 Church Street, Burlington, VT 05401', '', 0, 0, 44.47656400, -73.21230600, ''),
(92, 'Akes', 6, '134 Church Street, Burlington, VT 05401', '', 0, 0, 44.47670000, -73.21230190, ''),
(94, 'Tally Ho Tavern', 7, '205 West 4th Street, Bethlehem, PA 18015', '', 0, 0, 40.61046220, -75.38195930, ''),
(95, 'JP MacGrady''s Pub', 7, '117 East 3rd Street, Bethlehem, PA 18015', '', 0, 0, 40.61227900, -75.37659400, ''),
(96, 'Leon''s Restaurant and Bar', 7, '432 East 5th Street, Bethlehem, PA 18015', '', 0, 0, 40.60917900, -75.37193000, ''),
(97, 'The Funhouse', 7, '5 East 4th Street, Bethlehem, PA 18015', '', 0, 0, 40.61057390, -75.37813220, ''),
(98, 'The Happy Tap Bar', 7, '601 East 4th Street, Bethlehem, PA 18015', '', 0, 0, 40.61074550, -75.37056730, ''),
(101, 'Klondike Kate''s', 8, '158 East Main Street, Newark, DE 19711', '', 0, 0, 39.68375100, -75.74694300, ''),
(102, 'Smokey Joe''s', 196, '208 South 40th Street, Philadelphia, PA 19104', '', 0, 0, 39.95373620, -75.20277290, ''),
(103, 'Blarney Stone', 196, '3929 Sansom Street, Philadelphia, PA 19104', '', 0, 0, 39.95476470, -75.20104560, ''),
(104, 'PJ''s Pub', 101, '3333 North Charles Street, Baltimore, MD 21218', '', 0, 0, 39.32864500, -76.61719700, ''),
(105, 'Max''s Taphouse', 101, '3003 North Charles Street, Baltimore, MD 21218', '', 0, 0, 39.32516400, -76.61697100, ''),
(106, 'Mad River', 101, '1110 South Charles Street, Baltimore, MD 21230', '', 0, 0, 39.27647300, -76.61446580, ''),
(107, 'Stalking Horse', 101, '26 East Cross Street, Baltimore, MD 21230', '', 0, 0, 39.27700290, -76.61338600, ''),
(108, 'Rope Walk', 101, '1209 South Charles Street, Baltimore, MD 21230', '', 0, 0, 39.27553400, -76.61401200, ''),
(109, 'Mother''s ', 101, '1113 South Charles Street, Baltimore, MD 21230', '', 0, 0, 39.27641560, -76.61397160, ''),
(110, 'The Getdown', 101, '701 South Bond Street, Baltimore, MD 21231', '', 0, 0, 39.28342150, -76.59506880, ''),
(111, 'Havana Club', 101, '600 Water Street, Baltimore, MD 21202', '', 0, 0, 39.28867620, -76.60795400, ''),
(112, 'Joe Squared', 101, '30 Market Place, Baltimore, MD 21220', '', 0, 0, 39.28887100, -76.60710930, ''),
(113, 'Mex Tequila', 101, '26 Market Place, Baltimore, MD 21202', '', 0, 0, 39.28887100, -76.60710930, ''),
(114, 'Angel''s Rock Bar', 101, '10 Market Place, Baltimore, MD 21202', '', 0, 0, 39.28953680, -76.60714950, ''),
(115, 'Mosaic Nightclub and Lounge', 101, '4 Market Place, Baltimore, MD 21202', '', 0, 0, 39.28953680, -76.60714950, ''),
(116, 'PBR Baltimore', 101, '2 Market Place, Baltimore, MD 21202', '', 0, 0, 39.28953680, -76.60714950, ''),
(117, 'Craig''s Favorite Pub', 100, '5804 York Rd., Baltimore, MD 21202', '', 0, 0, 39.36078500, -76.61041500, ''),
(118, 'TD''s ', 208, '339 College Avenue, Clemson, SC 29631', '', 0, 0, 34.68278900, -82.83739840, ''),
(119, 'Wingin'' It', 208, '359 College Avenue, Clemson, SC 29631', '', 0, 0, 34.68279270, -82.83747530, ''),
(120, '356', 208, '366 College Avenue, Clemson, SC 29631', '', 0, 0, 34.68318600, -82.83726200, ''),
(121, 'Whiskey''s ', 109, '885 Boylston Street, Boston, MA 02116', '', 0, 0, 42.34855530, -71.08365780, ''),
(122, 'Daisy Buchanan''s ', 109, '240 Newbury Street, Boston, MA 02116', '', 0, 0, 42.34952300, -71.08185300, ''),
(123, 'Symphone 8', 109, '8 Westland Avenue, Boston, MA 02115', '', 0, 0, 42.34315320, -71.08649400, ''),
(124, 'Connor Larkin''s', 109, '329 Huntington Avenue, (Between Opera Pl. and Gainsborough St.), Boston, MA 02115', '', 0, 0, 42.34176370, -71.08694780, ''),
(125, 'Our House East', 109, '52 Gainsborough St., Boston, MA 01225', '', 0, 1, 42.34169770, -71.08688280, ''),
(126, 'Punter''s', 109, '450 Huntington Avenue, Boston, MA 02115', '', 0, 0, 42.33804140, -71.09442350, ''),
(127, 'Flann O''Reilly''s Pub', 109, '1619 Tremont Street, Roxbury Crossing, MA 02120', '', 0, 0, 42.33379080, -71.10335490, ''),
(128, 'Linebacker Lounge ', 69, '1631 South Bend Avenue South Bend, IN\r\n', '', 0, 0, 41.69423880, -86.22427280, ''),
(129, 'O''Rourke''s Pub House ', 69, '1044 Angela Boulevard Suite 103 South Bend, IN 46617\r\n', '', 0, 0, 41.69286890, -86.23857820, ''),
(130, 'Main Street Pub ', 69, '2046 South Bend Avenue, South Bend, IN 46637', '', 0, 0, 41.69867050, -86.21857360, ''),
(131, 'Mulligan''s Bar & Grill', 69, '1705 S Bend Ave South Bend, IN 46617\r\n', '', 0, 0, 41.69491780, -86.22332820, ''),
(132, 'Brother''s Bar & Grill', 69, '1234 North Eddy Street # 125, South Bend, IN 46617', '', 0, 0, 41.67686020, -86.23520410, ''),
(133, 'Finnegan''s ', 69, '113 East Wayne Street, South Bend, IN 46601\r\n', '', 0, 0, 41.67369330, -86.25010030, ''),
(134, 'Club Fever ', 69, '222 South Michigan Street, South Bend, IN 46601', '', 0, 0, 41.67444540, -86.25029110, ''),
(136, 'CJ''s Pub', 70, '236 South Michigan Street, South Bend, IN 46601\r\n', '', 0, 0, 41.67380830, -86.25014270, ''),
(138, 'Corby''s Irish Pub ', 69, '441 East Lasalle Avenue, South Bend, IN 46617\r\n', '', 0, 0, 41.67929560, -86.24456890, ''),
(139, 'Madison Oyster''s Bar ', 69, '129 North Main Street, South Bend, IN 46601', '', 0, 0, 41.67743250, -86.25218860, ''),
(140, 'Club 23', 69, '744 N Notre Dame Ave South Bend, IN 46617', '', 0, 0, 41.68567040, -86.23766430, ''),
(141, 'The Golden Gnome ', 10, '1902 South Bend Ave, South Bend Indiana 46637', '', 0, 0, 41.69759040, -86.22013210, ''),
(142, 'The Golden Gnome ', 69, '1902 South Bend Ave, South Bend, Indiana 46637', '', 0, 0, 41.69759040, -86.22013210, ''),
(143, 'Bar Louie ', 69, '6501 N Grape Rd Mishawaka, IN 46545\r\n', '', 0, 0, 41.71769310, -86.18762330, ''),
(144, 'Between the Buns ', 69, '1803 South Bend Avenue  South Bend, IN 46637\r\n', '', 0, 0, 41.69726600, -86.22096600, ''),
(145, 'Randome', 15, 'Random', '', 0, 0, 26.59059800, -81.56734200, '');

-- --------------------------------------------------------

--
-- Table structure for table `cheersu_venue_cover_photos`
--

CREATE TABLE IF NOT EXISTS `cheersu_venue_cover_photos` (
  `venue_photo_id` bigint(100) NOT NULL AUTO_INCREMENT,
  `venue_photo_user_id` bigint(60) NOT NULL,
  `venue_photo_source` varchar(60) NOT NULL,
  `venue_photo_venue_id` int(20) NOT NULL,
  `venue_photo_timestamp` timestamp NOT NULL DEFAULT CURRENT_TIMESTAMP,
  PRIMARY KEY (`venue_photo_id`),
  UNIQUE KEY `user_photo_source` (`venue_photo_source`)
) ENGINE=InnoDB DEFAULT CHARSET=latin1 AUTO_INCREMENT=1 ;

-- --------------------------------------------------------

--
-- Table structure for table `cheersu_venue_photos`
--

CREATE TABLE IF NOT EXISTS `cheersu_venue_photos` (
  `venue_photo_id` bigint(100) NOT NULL AUTO_INCREMENT,
  `venue_photo_user_id` bigint(60) NOT NULL,
  `venue_photo_source` varchar(60) NOT NULL,
  `venue_photo_venue_id` int(20) NOT NULL,
  `venue_photo_timestamp` timestamp NOT NULL DEFAULT CURRENT_TIMESTAMP,
  PRIMARY KEY (`venue_photo_id`),
  UNIQUE KEY `user_photo_source` (`venue_photo_source`)
) ENGINE=InnoDB  DEFAULT CHARSET=latin1 AUTO_INCREMENT=94 ;

--
-- Dumping data for table `cheersu_venue_photos`
--

INSERT INTO `cheersu_venue_photos` (`venue_photo_id`, `venue_photo_user_id`, `venue_photo_source`, `venue_photo_venue_id`, `venue_photo_timestamp`) VALUES
(1, 1, '6749996cb3b433f18b5b3249bd66b195.jpg', 51, '2013-03-22 20:29:28'),
(2, 1, '1a158764e6e0f72ae8f7f98dc83c3172.jpg', 51, '2013-03-22 20:29:28'),
(3, 1, '515e61fcd6e1153ea88b65b876c9438f.jpg', 51, '2013-03-22 20:41:47'),
(4, 1, 'ca5f7435c4494a1ee31858b401e26fc0.jpg', 51, '2013-03-22 20:41:47'),
(5, 1, '1790c7687ce035803ae9893d3a4a444a.jpg', 51, '2013-03-22 20:41:47'),
(6, 1, 'e9a5919bae6184ea9caf1de6fd48e2d4.jpg', 51, '2013-03-22 20:41:47'),
(7, 1, '5ba42933b71ea94fb7e879931eabeb7f.jpg', 51, '2013-03-22 20:41:47'),
(8, 1, '020d226dbf7a0db9d213fd5f7f03e6f4.jpg', 51, '2013-03-22 20:41:47'),
(9, 1, '90504f60dc75ea1e86343f3b71f27bcd.jpg', 51, '2013-03-22 20:41:47'),
(10, 1, 'ef08bc03b624c620954c3ed55c8868de.jpg', 51, '2013-03-22 20:41:47'),
(11, 1, '5e2a70bc53369e253ef4341f11a1c953.jpg', 51, '2013-03-22 20:41:47'),
(12, 1, '09083bb8a713d125888d39d6f86426aa.jpg', 51, '2013-03-22 20:41:47'),
(13, 1, '9fe658dd0fa9e8e8344cd65a3d31b999.jpg', 51, '2013-03-22 20:41:47'),
(14, 1, '3d0aabb54ccf3f776a0650036c893958.jpg', 51, '2013-03-22 20:41:47'),
(15, 1, '65c9c59d360bf5bc930d1997bb0fbd88.jpg', 51, '2013-03-22 20:45:05'),
(16, 1, '243e0f4d2285098bfcbf4372662797e8.jpg', 51, '2013-03-22 20:45:05'),
(17, 1, '80bdeae4e553183233160ba8b43c3e23.jpg', 51, '2013-03-22 20:45:05'),
(18, 1, 'a945e0b9b6a80bdd3f3fdb0a9bf3cb0b.jpg', 51, '2013-03-22 20:45:05'),
(19, 1, 'ad945a12be8c6f6848b3e31cec5faa2a.jpg', 51, '2013-03-22 20:45:05'),
(20, 1, '8e22047f59a0be534249d4a29a89c785.jpg', 51, '2013-03-22 20:45:05'),
(21, 1, '8bc6b19fd14acf87cedd4f05cedc395c.jpg', 51, '2013-03-22 20:45:05'),
(22, 1, '4a147b8687bbcac9a300efec7e526450.jpg', 51, '2013-03-22 20:45:05'),
(23, 1, '1d82772e96d94f9d5bd7a7b8e437386a.jpg', 51, '2013-03-22 20:45:05'),
(24, 1, '1d32cc31bbd19b61cd9ae4e4849f78fd.jpg', 51, '2013-03-22 20:45:05'),
(25, 1, '757d72ad10cc0e5711c9c192fe8f7634.jpg', 51, '2013-03-22 20:45:05'),
(26, 1, 'dbb10d1df7203b91190078c74f62f647.jpg', 51, '2013-03-22 20:45:05'),
(27, 1, '7a89b39a718683d338b40e07b8abc592.jpg', 52, '2013-03-22 21:03:07'),
(28, 1, '7644785a3b9ddae2605766d440519191.jpg', 52, '2013-03-22 21:03:07'),
(29, 1, 'd0096ec6c83575373e3a21d129ff8fef.jpg', 52, '2013-03-22 21:03:07'),
(30, 1, '7df5c6bac5b894ecaef0399c7030cebd.jpg', 52, '2013-03-22 21:03:07'),
(31, 1, 'c88959a8e0697321ec98a2280a6af531.jpg', 52, '2013-03-22 21:03:07'),
(32, 1, '0d556a5de6d2bccc1dd81e13c1677c0c.jpg', 51, '2013-03-22 21:32:45'),
(33, 3, '38ca453af856541a51cfc687c752a1c1.jpg', 52, '2013-03-23 03:58:38'),
(34, 3, 'e8d83dd2a0bdcee28273d2d71a602ece.JPG', 52, '2013-03-23 04:01:32'),
(35, 3, '463a4225bc5b23138b7d0530ab080f65.jpg', 52, '2013-03-23 04:01:32'),
(36, 3, '8f8b718dae500b78abccec3b0b617e2b.jpg', 52, '2013-03-23 04:01:32'),
(37, 3, '451cbece78a7b3e1a0f40cccdadc2d04.jpg', 52, '2013-03-23 04:03:48'),
(38, 3, '905301c63c22bf0f0623ff2390d794a0.JPG', 52, '2013-03-23 04:03:48'),
(39, 3, '533ee61591180682924cd986c4330fe3.jpg', 52, '2013-03-23 04:03:48'),
(40, 1, '98befc03b383c2ab50b36b4dce326b09.jpg', 51, '2013-03-23 08:07:49'),
(41, 1, 'd1531ea1d372a49f52fe8d44bc57a91e.jpeg', 51, '2013-03-23 08:07:49'),
(42, 1, '978cf93a4942ef5b8e99a0f6d73e6b5f.jpeg', 51, '2013-03-23 08:12:42'),
(43, 1, '36e73f9d03c435c3f9a5351ac69ec34e.jpeg', 51, '2013-03-23 08:12:42'),
(44, 1, '13f5df47cf0ddabda3832e3637bf7041.jpg', 51, '2013-03-23 08:15:01'),
(45, 1, 'b5dfe8cd13c564675ab15a6de5b7e37d.jpg', 51, '2013-03-23 08:15:01'),
(46, 1, '681bdf9d354a3684408929ffe7fe9092.jpg', 51, '2013-03-23 08:16:42'),
(47, 1, 'fff0fc816250662fb3b9a5679a364792.jpg', 51, '2013-03-23 08:25:01'),
(48, 1, '0b190a513147bc43b1e21ef66790a10d.jpg', 51, '2013-03-23 08:26:41'),
(49, 1, 'ac5b927179e7a25caeec8e78996d6529.jpg', 51, '2013-03-23 08:33:25'),
(50, 1, 'f3595ad076518d2a0cbecba003bc9d08.jpg', 52, '2013-03-23 08:34:56'),
(51, 1, '016a84767ca742c0e25bef014969fb49.jpg', 52, '2013-03-23 09:37:51'),
(52, 1, 'ff8fe2be114f9725b0068c93703dccf4.jpg', 52, '2013-03-23 09:38:54'),
(53, 1, '6c9f2dd8391607eb35a9304993e1a41e.jpg', 52, '2013-03-23 09:41:18'),
(54, 3, '5cdeafaef1c16896f6769faacc0b347b.jpg', 52, '2013-03-23 10:21:35'),
(55, 3, '4a36b59cc3b8987119945fc51794aad9.jpg', 52, '2013-03-23 10:21:35'),
(56, 3, '00c2a4a35063f9c348dd023f19bbc731.jpg', 52, '2013-03-23 10:21:54'),
(57, 3, '5932885e1257d331bfe1281918b45081.jpg', 51, '2013-03-23 10:23:47'),
(58, 3, '4e1656e8c7df794d75883deb09d7eec1.JPG', 52, '2013-03-23 10:24:10'),
(59, 1, 'd9d90d24a5dffc69a2bf60a515bf98e2.jpg', 52, '2013-03-23 16:02:56'),
(60, 1, 'a49fe8914df0eada4d4b7d530d7fa5ba.jpg', 52, '2013-03-23 16:04:56'),
(61, 1, '538dcf9d8b98ac9a193a01f25d975ad2.jpg', 52, '2013-03-23 16:04:56'),
(62, 1, '453859528b76397a5a12a9d2f36ba702.jpg', 52, '2013-03-23 16:04:56'),
(63, 1, '87d07f90f10c40ed8075f45c042fe6f6.jpg', 52, '2013-03-23 16:04:56'),
(64, 1, '505c508f844937b28d5bf9db27f57b6e.jpg', 52, '2013-03-23 16:04:56'),
(65, 1, '06d3bc740e8ba0c8f64427649f537269.jpg', 52, '2013-03-23 16:04:56'),
(66, 1, 'bd6661231506e0fe52c15a3a77ecc1e7.jpg', 52, '2013-03-23 16:05:46'),
(67, 1, '651a1ceb67238f5f3bc2ad26b7962361.jpg', 52, '2013-03-23 16:05:46'),
(68, 1, '439cfdbe45fca5c899195659af29263c.jpg', 52, '2013-03-23 16:05:46'),
(69, 1, 'a631e09fd11ce6ac56ef1bc02c0536b8.jpeg', 52, '2013-03-23 16:09:37'),
(70, 1, '8962847ec9cb88395f6c8ae389c01ed4.jpeg', 52, '2013-03-23 16:09:37'),
(71, 1, '1a37f77c81887be4f08ccf4ecef32c35.jpeg', 52, '2013-03-23 16:09:37'),
(72, 1, '6ab4e9d3123b8aeacb360d07633c04fc.jpg', 52, '2013-03-23 16:11:51'),
(73, 1, 'b3baa135fb9a3701d6eb1becb70cf54c.jpg', 52, '2013-03-23 16:11:51'),
(74, 1, 'f590de77a8338888845f389dd21fc6c0.jpg', 52, '2013-03-23 16:11:51'),
(77, 1, '3395896e9cc132bf66dd138893217d44.jpg', 51, '2013-09-10 18:45:21'),
(78, 1, '270a90cc6e52821a08b2c67795901494.jpg', 51, '2013-09-10 18:45:21'),
(79, 1, 'a656576b025922ae90b81c685625399d.jpg', 51, '2013-09-15 12:40:24'),
(80, 1, '120422e9edb0f96a9dccc31f9894e84c.jpg', 51, '2013-09-15 12:40:24'),
(81, 1, 'e2eae397015aac3c964d4fabed570e5a.jpg', 51, '2013-09-15 12:40:24'),
(82, 1, 'ee326e3f8a2a06884f15461d7dc14b73.jpg', 51, '2013-09-15 12:40:24'),
(83, 1, 'c96448f0b37ed927f077416f19fc8854.jpg', 51, '2013-09-17 17:59:16'),
(84, 1, '9f6273387675a2f6fcde678f47b7150f.jpg', 52, '2013-09-26 18:32:12'),
(85, 1, '98abc9e646550b1f9bafd5c2b10ed5b3.jpg', 52, '2013-09-26 18:32:12'),
(86, 1, 'f3908281781adc5cf58b620aa3e5201e.jpg', 52, '2013-09-26 18:32:36'),
(87, 1, '8fe94a447a76f52e18d48e7f1072d5d8.jpg', 51, '2013-09-26 18:43:02'),
(88, 1, '609a145ca2c0081f93378240907e2331.jpg', 51, '2013-09-26 18:44:13'),
(89, 1, 'e093a438cd94ac1c68c6b70d9bd1965a.jpg', 51, '2013-09-26 18:44:13'),
(90, 1, 'ea26dff3ffc902b6f920f83c66cb97eb.jpg', 51, '2013-09-26 18:44:47'),
(91, 1, '61cde9008129900aeb6a0d459c57412a.jpg', 51, '2013-09-26 18:44:47'),
(92, 1, 'cb8cd2b10dc4e9fdc650a676f837679c.jpg', 51, '2013-09-26 18:44:47'),
(93, 1, '6703349f51a43a8a892b57e3d1ab60cb.jpg', 51, '2013-10-24 20:50:26');

-- --------------------------------------------------------

--
-- Table structure for table `cheersu_venue_requests`
--

CREATE TABLE IF NOT EXISTS `cheersu_venue_requests` (
  `venue_request_id` int(10) NOT NULL AUTO_INCREMENT,
  `venue_request_name` varchar(60) NOT NULL,
  `venue_request_school_id` int(10) NOT NULL,
  `venue_request_address` varchar(100) NOT NULL,
  `venue_request_timestamp` timestamp NOT NULL DEFAULT CURRENT_TIMESTAMP,
  `venue_request_status` varchar(11) NOT NULL DEFAULT 'pending',
  PRIMARY KEY (`venue_request_id`)
) ENGINE=InnoDB  DEFAULT CHARSET=latin1 AUTO_INCREMENT=4 ;

--
-- Dumping data for table `cheersu_venue_requests`
--

INSERT INTO `cheersu_venue_requests` (`venue_request_id`, `venue_request_name`, `venue_request_school_id`, `venue_request_address`, `venue_request_timestamp`, `venue_request_status`) VALUES
(2, 'Random', 1, 'Hello', '2013-01-25 23:54:11', '0'),
(3, 'Hello Venue', 227, 'random', '2013-01-26 00:50:03', '0');

-- --------------------------------------------------------

--
-- Table structure for table `guests`
--

CREATE TABLE IF NOT EXISTS `guests` (
  `id` int(32) NOT NULL AUTO_INCREMENT,
  `guest_id` varchar(32) NOT NULL,
  `guestname` varchar(255) NOT NULL DEFAULT '0',
  `token` varchar(255) NOT NULL DEFAULT '0',
  `ip_addresse` varchar(255) NOT NULL DEFAULT '0',
  `lastactivity` int(32) NOT NULL DEFAULT '0',
  PRIMARY KEY (`id`)
) ENGINE=InnoDB DEFAULT CHARSET=latin1 AUTO_INCREMENT=1 ;

-- --------------------------------------------------------

--
-- Table structure for table `user`
--

CREATE TABLE IF NOT EXISTS `user` (
  `user_id` int(32) NOT NULL AUTO_INCREMENT,
  `username` varchar(255) NOT NULL,
  `password` varchar(255) NOT NULL,
  `lastactivity` int(32) NOT NULL,
  `picture` varchar(255) NOT NULL,
  `token` varchar(255) NOT NULL,
  `ip_addresse` varchar(255) NOT NULL,
  PRIMARY KEY (`user_id`)
) ENGINE=InnoDB  DEFAULT CHARSET=latin1 AUTO_INCREMENT=3 ;

--
-- Dumping data for table `user`
--

INSERT INTO `user` (`user_id`, `username`, `password`, `lastactivity`, `picture`, `token`, `ip_addresse`) VALUES
(1, 'subhiksha', 'f0f9de98e9f791fad225acc2343c3702', 1360458147, 'photoofme.jpg', '', ''),
(2, 'jasmin', 'f0f9de98e9f791fad225acc2343c3702', 1360458147, 'photoofme.jpg', '', '');

-- --------------------------------------------------------

--
-- Table structure for table `user_chat`
--

CREATE TABLE IF NOT EXISTS `user_chat` (
  `user_chat_id` int(32) unsigned NOT NULL AUTO_INCREMENT,
  `client_from_id` varchar(255) NOT NULL,
  `client_from_name` varchar(255) NOT NULL,
  `client_to_id` varchar(255) NOT NULL,
  `client_to_name` varchar(255) NOT NULL,
  `user_chat_message` text NOT NULL,
  `time_sent` int(32) NOT NULL,
  `client_read_to` int(32) NOT NULL,
  `client_read_from` int(32) NOT NULL,
  PRIMARY KEY (`user_chat_id`)
) ENGINE=InnoDB  DEFAULT CHARSET=latin1 AUTO_INCREMENT=38 ;

--
-- Dumping data for table `user_chat`
--

INSERT INTO `user_chat` (`user_chat_id`, `client_from_id`, `client_from_name`, `client_to_id`, `client_to_name`, `user_chat_message`, `time_sent`, `client_read_to`, `client_read_from`) VALUES
(1, '1', '', '3', 'Gourab', 'hello', 1362076429, 0, 1),
(2, '3', '', '1', 'Arjun', 'hello', 1362076453, 1, 1),
(3, '1', '', '3', 'Gourab', 'hello', 1362079573, 0, 1),
(4, '1', '', '4', 'Gaurav', 'sdfdfds', 1362082419, 1, 1),
(5, '4', '', '1', 'Arjun', 'hello', 1362083520, 1, 1),
(6, '1', '', '4', 'Gaurav', 'sdfsd', 1362083530, 1, 1),
(7, '4', '', '1', 'Arjun', 'hello', 1362151274, 1, 1),
(8, '4', '', '1', 'Arjun', 'random', 1362151326, 1, 1),
(9, '1', '', '4', 'Gaurav', 'kukur', 1362151344, 1, 1),
(10, '4', '', '1', 'Arjun', 'hi', 1362151351, 1, 1),
(11, '1', '', '4', 'Gaurav', 'abc', 1362151394, 1, 1),
(12, '1', '', '4', 'Gaurav', 'kutta', 1362151408, 1, 1),
(13, '1', '', '4', 'Gaurav', 'liil', 1362151449, 1, 1),
(14, '1', '', '4', 'Gaurav', 'dfdfgd', 1362151555, 1, 1),
(15, '1', '', '4', 'Gaurav', 'sdfds', 1362151670, 1, 1),
(16, '1', '', '4', 'Gaurav', 'sdfds', 1362151676, 1, 1),
(17, '1', '', '4', 'Gaurav', 'sdfsdf', 1362151700, 1, 1),
(18, '1', '', '4', 'Gaurav', 'sdfs', 1362151749, 1, 1),
(19, '1', '', '4', 'Gaurav', 'sdfds', 1362151776, 1, 1),
(20, '1', 'Arjun', '4', 'Gaurav', 'sdfdsfds', 1362151841, 1, 1),
(21, '4', 'Gaurav', '1', 'Arjun', 'rasldfkjsdlfkjsdlfkjdsflksjllllllllllllllfdsljfdslkfjsdlfkjds', 1362151864, 1, 1),
(22, '4', 'Gaurav', '1', 'Arjun', 'fds fsdsdfsdf sdfsdfsd sfsdfsdf sdfsdfsd sdfsfds sdfsdfds sdfsdfs sdfsdfsdfdsfsd sdfsdfdsf sdfsdfds sfsdfsdfdsf sdfsdfsdfds', 1362151885, 1, 1),
(23, '4', 'Gaurav', '1', 'Arjun', 'random', 1362157415, 1, 1),
(24, '1', 'Arjun', '4', 'Gaurav', 'sdfsd', 1362158110, 1, 1),
(25, '4', 'Gaurav', '1', 'Arjun', 'kutta', 1362158120, 1, 1),
(26, '4', 'Gaurav', '1', 'Arjun', 'hello', 1362865104, 1, 1),
(27, '1', 'Arjun', '4', 'Gaurav', 'abc', 1362865523, 1, 1),
(28, '1', 'Arjun', '4', 'Gaurav', 'random', 1362865532, 1, 1),
(29, '1', 'Arjun', '4', 'Gaurav', 'kutta', 1362865536, 1, 1),
(30, '4', 'Gaurav', '1', 'Arjun', 'kukur', 1362865549, 1, 1),
(31, '4', 'Gaurav', '1', 'Arjun', 'lksdjfsdf', 1362865554, 1, 1),
(32, '4', 'Gaurav', '1', 'Arjun', 'sdf', 1362865627, 1, 1),
(33, '1', 'Arjun', '4', 'Gaurav', 'kukur', 1362886485, 1, 1),
(34, '4', 'Gaurav', '1', 'Arjun', 'abc', 1362886508, 1, 1),
(35, '1', 'Arjun', '4', 'Gaurav', 'kukur', 1362977883, 1, 1),
(36, '4', 'Gaurav', '1', 'Arjun', 'random', 1362977895, 1, 1),
(37, '4', 'Gaurav', '1', 'Arjun', 'random123', 1362977909, 1, 1);

/*!40101 SET CHARACTER_SET_CLIENT=@OLD_CHARACTER_SET_CLIENT */;
/*!40101 SET CHARACTER_SET_RESULTS=@OLD_CHARACTER_SET_RESULTS */;
/*!40101 SET COLLATION_CONNECTION=@OLD_COLLATION_CONNECTION */;
